data,familia,produto,quantidade
2021-01-01,EXTRATO DE TOMATE,EXTRATO DE TOMATE ZAINE 24X350G,966
2021-01-01,POLPA DE BATATA,POLPA DE BATATA ZAINE 0.5,103525
2021-01-01,MOLHO DE TOMATE,MOLHO DE TOMATE ZAINE BAG 4.1KG - CAIXA COM 2 UNID,40836
2021-01-01,MOLHO DE TOMATE,MOLHO DE TOMATE ZAINE 1.6KG - CAIXA COM 5 UNID,240
2021-01-01,MOLHO DE TOMATE,MOLHO DE TOMATE TRADICIONAL COOP 340G,78336
2021-01-01,MOLHO DE TOMATE,MOLHO DE TOMATE TOP MAIS 24X340G,84864
2021-01-01,MOLHO DE TOMATE,MOLHO DE TOMATE ZAINE 24X340GR,1608336
2021-01-01,MOLHO DE TOMATE,MOLHO DE TOMATE PIZZA ZAINE 2X4.1KGS,574
2021-01-01,GOIABADA,GOIABADA ZAINE CREMOSA FORNO BAG 5X2KG,1200
2021-01-01,MOLHO DE TOMATE,MOLHO DE TOMATE IRANO 24X340G,553248
2021-01-01,GOIABADA,GOIABADA PETRY 24X300G,145296
2021-01-01,GOIABADA,GOIABADA PETRY 12 X 400G,8544
2021-01-01,GOIABADA,GOIABADA PETRY FORNEAVEL 7 KG,7070
2021-01-01,GOIABADA,GOIABADA IRANO 24X300G,8496
2021-01-01,GOIABADA,GOIABADA ZAINE FORNEAVEL 7 KG,1750
2021-01-01,GOIABADA,GOIABADA DONA ZAINE 7 KGS LISA,210
2021-01-01,EXTRATO DE TOMATE,EXTRATO DE TOMATE IRANO 24X350G,17892
2021-01-01,GOIABADA,GOIABADA ZAINE 24X300G,8208
2021-02-01,MOLHO DE TOMATE,MOLHO DE TOMATE ZAINE 24X340GR,1813968
2021-02-01,POLPA DE BATATA,POLPA DE BATATA ZAINE 0.5,10045
2021-02-01,MOLHO DE TOMATE,MOLHO DE TOMATE ZAINE BAG 4.1KG - CAIXA COM 2 UNID,246
2021-02-01,MOLHO DE TOMATE,MOLHO DE TOMATE TOP MAIS 24X340G,1813152
2021-02-01,MOLHO DE TOMATE,MOLHO DE TOMATE IRANO 24X340G,103224
2021-02-01,MOLHO DE TOMATE,MOLHO DE TOMATE ZAINE BAG 4.1KG,533
2021-02-01,GOIABADA,GOIABADA ZAINE 24X300G,24192
2021-02-01,EXTRATO DE TOMATE,EXTRATO DE TOMATE IRANO 24X350G,35196
2021-02-01,GOIABADA,GOIABADA DONA ZAINE 12 X 700G,336
2021-02-01,GOIABADA,GOIABADA ZAINE CREMOSA BAG 5KG,220
2021-02-01,GOIABADA,GOIABADA ZAINE FORNEAVEL 7 KG,1400
2021-02-01,GOIABADA,GOIABADA DONA ZAINE 7 KGS LISA,70
2021-02-01,EXTRATO DE TOMATE,EXTRATO DE TOMATE ZAINE 24X350G,11424
2021-02-01,GOIABADA,GOIABADA IRANO 24X300G,9936
2021-03-01,GOIABADA,GOIABADA ZAINE 24X300G,28152
2021-03-01,MOLHO DE TOMATE,MOLHO DE TOMATE TRADICIONAL COOP 340G,90168
2021-03-01,MOLHO DE TOMATE,MOLHO DE TOMATE TOP MAIS 24X340G,1317024
2021-03-01,MOLHO DE TOMATE,MOLHO DE TOMATE REFOGADO ZAINE BAG 10X 1.6 KG,1664
2021-03-01,MOLHO DE TOMATE,MOLHO DE TOMATE IRANO 24X340G,1104864
2021-03-01,MOLHO DE TOMATE,MOLHO DE TOMATE ZAINE BAG 4.1KG,123
2021-03-01,MOLHO DE TOMATE,MOLHO DE TOMATE PIZZA ZAINE BISNAGA 1.6KGS,1664
2021-03-01,GOIABADA,GOIABADA TOP MAIS 24X300G,14472
2021-03-01,MOLHO DE TOMATE,MOLHO DE TOMATE ZAINE 24X340GR,596904
2021-03-01,GOIABADA,GOIABADA PETRY FORNEAVEL 7 KG,20440
2021-03-01,GOIABADA,GOIABADA IRANO 24X300G,12816
2021-03-01,GOIABADA,GOIABADA AMO 6X1.1KG,19008
2021-03-01,GOIABADA,GOIABADA PETRY 24X300G,28800
2021-03-01,GOIABADA,GOIABADA AMO 12X300G,15552
2021-03-01,GOIABADA,GOIABADA ZAINE FORNEAVEL 7 KG,4928
2021-03-01,EXTRATO DE TOMATE,EXTRATO DE TOMATE IRANO 24X350G,190428
2021-03-01,EXTRATO DE TOMATE,EXTRATO DE TOMATE ZAINE 24X350G,36456
2021-03-01,EXTRATO DE TOMATE,EXTRATO DE TOMATE ZAINE BAG 10X 1.6 KG,1664
2021-04-01,MOLHO DE TOMATE,MOLHO DE TOMATE ZAINE 1X1.6KG,128
2021-04-01,MOLHO DE TOMATE,MOLHO DE TOMATE TRADICIONAL COOP 340G,78336
2021-04-01,MOLHO DE TOMATE,MOLHO DE TOMATE TOP MAIS 24X340G,169728
2021-04-01,MOLHO DE TOMATE,MOLHO DE TOMATE ZAINE BAG 4.1KG,1107
2021-04-01,MOLHO DE TOMATE,MOLHO DE TOMATE ZAINE 24X340GR,51408
2021-04-01,MOLHO DE TOMATE,MOLHO DE TOMATE PIZZA ZAINE BAG 4.1KGS,41
2021-04-01,GOIABADA,GOIABADA ZAINE CREMOSA FORNO BAG 10X2KG,3200
2021-04-01,GOIABADA,GOIABADA ZAINE 24X300G,13824
2021-04-01,GOIABADA,GOIABADA DONA ZAINE 6 X 1KG,60
2021-04-01,GOIABADA,GOIABADA ZAINE FORNEAVEL 7 KG,2135
2021-04-01,EXTRATO DE TOMATE,EXTRATO DE TOMATE ZAINE 1X350G,2205
2021-04-01,EXTRATO DE TOMATE,EXTRATO DE TOMATE DONA ZAINE 4.1KG,205
2021-04-01,EXTRATO DE TOMATE,EXTRATO DE TOMATE ZAINE BAG 10X 1.6 KG,80
2021-04-01,GOIABADA,GOIABADA ZAINE CREMOSA BAG 10X2KG,300
2021-05-01,GOIABADA,GOIABADA ZAINE CREMOSA BAG 10X2KG,100
2021-05-01,POLPA DE BATATA,POLPA DE BATATA ZAINE 0.5,6560
2021-05-01,MOLHO DE TOMATE,MOLHO DE TOMATE ZAINE 1X1.6KG,64
2021-05-01,MOLHO DE TOMATE,MOLHO DE TOMATE TOP MAIS 24X340G,176256
2021-05-01,MOLHO DE TOMATE,MOLHO DE TOMATE ZAINE BAG 4.1KG,369
2021-05-01,MOLHO DE TOMATE,MOLHO DE TOMATE ZAINE 24X340GR,6528
2021-05-01,GOIABADA,GOIABADA ZAINE 24X300G,72
2021-05-01,EXTRATO DE TOMATE,EXTRATO DE TOMATE ZAINE BAG 10X 1.6 KG,80
2021-05-01,GOIABADA,GOIABADA PETRY 24X300G,21600
2021-05-01,GOIABADA,GOIABADA PETRY 12 X 400G,2400
2021-05-01,GOIABADA,GOIABADA PETRY FORNEAVEL 7 KG,8400
2021-05-01,GOIABADA,GOIABADA ZAINE FORNEAVEL 7 KG,35
2021-05-01,GOIABADA,GOIABADA DONA ZAINE 7 KGS LISA,21
2021-05-01,EXTRATO DE TOMATE,EXTRATO DE TOMATE ZAINE 1X350G,21
2021-05-01,GOIABADA,GOIABADA TOP MAIS 24X300G,1440
2021-06-01,GOIABADA,GOIABADA ZAINE CREMOSA FORNO BAG 10X2KG,620
2021-06-01,GOIABADA,GOIABADA ZAINE CREMOSA TRAD. BALDE 2X4.8KG,48
2021-06-01,MOLHO DE TOMATE,MOLHO DE TOMATE PIZZA ZAINE BAG 4.1KGS,123
2021-06-01,MOLHO DE TOMATE,MOLHO DE TOMATE ZAINE 24X340GR,3412512
2021-06-01,MOLHO DE TOMATE,MOLHO DE TOMATE TOP MAIS 24X340G,71808
2021-06-01,MOLHO DE TOMATE,MOLHO DE TOMATE IRANO 24X340G,9996
2021-06-01,POLPA DE BATATA,POLPA DE BATATA ZAINE 0.5,9635
2021-06-01,GOIABADA,GOIABADA ZAINE 24X300G,11016
2021-06-01,MOLHO DE TOMATE,MOLHO DE TOMATE ZAINE BAG 4.1KG,1148
2021-06-01,GOIABADA,GOIABADA PETRY 24X300G,21600
2021-06-01,GOIABADA,GOIABADA ZAINE CREMOSA BAG 5KG,75
2021-06-01,GOIABADA,GOIABADA IRANO 24X300G,13968
2021-06-01,GOIABADA,GOIABADA DONA ZAINE 12 X 700G,168
2021-06-01,GOIABADA,GOIABADA PETRY FORNEAVEL 7 KG,9100
2021-06-01,GOIABADA,GOIABADA ZAINE FORNEAVEL 9X1.5 KG,2160
2021-06-01,GOIABADA,GOIABADA ZAINE FORNEAVEL 7 KG,7665
2021-06-01,GOIABADA,GOIABADA DONA ZAINE 7 KGS LISA,2135
2021-06-01,EXTRATO DE TOMATE,EXTRATO DE TOMATE IRANO 24X350G,60816
2021-06-01,EXTRATO DE TOMATE,EXTRATO DE TOMATE ZAINE PREMIUM 4.1KG,8118
2021-06-01,EXTRATO DE TOMATE,EXTRATO DE TOMATE ZAINE 24X350G,34608
2021-07-01,GOIABADA,GOIABADA ZAINE 1 X 1KG,7
2021-07-01,GOIABADA,GOIABADA ZAINE CREMOSA FORNEAVEL BALDE 2X4.8KG,1152
2021-07-01,GOIABADA,GOIABADA ZAINE CREMOSA FORNO BAG 10X2KG,960
2021-07-01,GOIABADA,GOIABADA ZAINE CREMOSA FORNO BAG 1X2KG,6
2021-07-01,GOIABADA,GOIABADA ZAINE FORNEAVEL 1 X 1.5KG,75
2021-07-01,MOLHO DE TOMATE,MOLHO DE TOMATE TOP MAIS 24X340G,91392
2021-07-01,MOLHO DE TOMATE,MOLHO DE TOMATE ZAINE 24X340GR,45696
2021-07-01,MOLHO DE TOMATE,MOLHO DE TOMATE ZAINE BAG 4.1KG,164
2021-07-01,MOLHO DE TOMATE,MOLHO DE TOMATE IRANO 24X340G,1059168
2021-07-01,GOIABADA,GOIABADA TOP MAIS 24X300G,5472
2021-07-01,MOLHO DE TOMATE,MOLHO DE TOMATE ZAINE 1X1.6KG,32
2021-07-01,MOLHO DE TOMATE,MOLHO DE TOMATE PIZZA ZAINE BAG 4.1KGS,205
2021-07-01,GOIABADA,GOIABADA PETRY 24X300G,12240
2021-07-01,GOIABADA,GOIABADA ZAINE 24X300G,792
2021-07-01,GOIABADA,GOIABADA IRANO 24X300G,18144
2021-07-01,GOIABADA,GOIABADA PETRY FORNEAVEL 7 KG,7560
2021-07-01,EXTRATO DE TOMATE,EXTRATO DE TOMATE ZAINE 24X350G,462
2021-07-01,EXTRATO DE TOMATE,EXTRATO DE TOMATE ZAINE PREMIUM 4.1KG,17056
2021-07-01,EXTRATO DE TOMATE,EXTRATO DE TOMATE DONA ZAINE 4.1KG,82
2021-07-01,EXTRATO DE TOMATE,EXTRATO DE TOMATE ZAINE 1X350G,182
2021-07-01,GOIABADA,GOIABADA DONA ZAINE 7 KGS LISA,350
2021-07-01,EXTRATO DE TOMATE,EXTRATO DE TOMATE IRANO 24X350G,103824
2021-07-01,GOIABADA,GOIABADA BALDE ZAINE CREMOSA 1 X 5KG,5
2021-07-01,GOIABADA,GOIABADA CREMOSA FORNEAVEL ZAINE 1.01KG,202
2021-07-01,GOIABADA,GOIABADA CREMOSA TRADICIONAL ZAINE 1.01KG,202
2021-07-01,GOIABADA,GOIABADA FRITZ E FRIDA 300G,10395
2021-07-01,GOIABADA,GOIABADA ZAINE FORNEAVEL 7 KG,9975
2021-08-01,MOLHO DE TOMATE,MOLHO DE TOMATE PIZZA ZAINE BISNAGA 1.6KGS,96
2021-08-01,GOIABADA,GOIABADA ZAINE CREMOSA FORNO BAG 1X2KG,4
2021-08-01,GOIABADA,GOIABADA ZAINE FORNEAVEL 1 X 1.5KG,9
2021-08-01,GOIABADA,GOIABADA ZAINE FORNEAVEL 1X7KG AMOSTRA,7
2021-08-01,GOIABADA,GOIBADA CREMOSA FORNEAVEL ZAINE 1X1.010KG,808
2021-08-01,MOLHO DE TOMATE,MOLHO DE TOMATE PIZZA ZAINE BAG 4.1KGS,123
2021-08-01,MOLHO DE TOMATE,MOLHO DE TOMATE ZAINE 24X340GR,1261536
2021-08-01,MOLHO DE TOMATE,MOLHO DE TOMATE TOP MAIS 24X340G,78336
2021-08-01,MOLHO DE TOMATE,MOLHO DE TOMATE IRANO 24X340G,19584
2021-08-01,MOLHO DE TOMATE,MOLHO DE TOMATE ZAINE 1X1.6KG,8
2021-08-01,MOLHO DE TOMATE,MOLHO DE TOMATE PIZZA 1X4.1KG,82
2021-08-01,MOLHO DE TOMATE,MOLHO DE TOMATE REFOGADO ZAINE BAG 10X 1.6 KG,80
2021-08-01,MOLHO DE TOMATE,MOLHO DE TOMATE TRADICIONAL COOP 340G,78336
2021-08-01,GOIABADA,GOIABADA ZAINE CREMOSA FORNO BAG 10X2KG,880
2021-08-01,MOLHO DE TOMATE,MOLHO DE TOMATE ZAINE BAG 4.1KG,820
2021-08-01,GOIABADA,GOIABADA ZAINE CREMOSA FORNEAVEL BALDE 2X4.8KG,8064
2021-08-01,EXTRATO DE TOMATE,EXTRATO DE TOMATE ZAINE 1X350G,301
2021-08-01,GOIABADA,GOIABADA PETRY 24X300G,229824
2021-08-01,EXTRATO DE TOMATE,EXTRATO DE TOMATE ZAINE BAG 10X 1.6 KG,80
2021-08-01,GOIABADA,GOIABADA ZAINE 24X300G,9576
2021-08-01,EXTRATO DE TOMATE,EXTRATO DE TOMATE IRANO 24X350G,24696
2021-08-01,EXTRATO DE TOMATE,EXTRATO DE TOMATE PREMIUM ZAINE 1X4.1KG,82
2021-08-01,GOIABADA,GOIABADA DONA ZAINE 7 KGS LISA,14
2021-08-01,GOIABADA,GOIABADA ZAINE FORNEAVEL 7 KG,1029
2021-08-01,GOIABADA,GOIABADA ZAINE FORNEAVEL 9X1.5 KG,23355
2021-08-01,EXTRATO DE TOMATE,EXTRATO DE TOMATE ZAINE 24X350G,17304
2021-08-01,GOIABADA,GOIABADA BALDE CREMOSA FORNEAVEL 1 X 4.8KG,48
2021-08-01,GOIABADA,GOIABADA CREMOSA FORNEAVEL ZAINE 1.01KG,1111
2021-08-01,GOIABADA,GOIABADA DONA ZAINE 12 X 400G,480
2021-08-01,GOIABADA,GOIABADA IRANO 24X300G,9936
2021-08-01,GOIABADA,GOIABADA PETRY FORNEAVEL 7 KG,17500
2021-08-01,GOIABADA,GOIABADA PETRY 12 X 400G,3360
2021-08-01,GOIABADA,GOIABADA ZAINE CREMOSA BAG 5KG,30
2021-09-01,GOIABADA,GOIABADA ZAINE CREMOSA FORNO BAG 1X2KG,2
2021-09-01,GOIABADA,GOIABADA ZAINE FORNEAVEL 1 X 1.5KG,15
2021-09-01,MOLHO DE TOMATE,MOLHO DE TOMATE PIZZA ZAINE BAG 4.1KGS,164
2021-09-01,MOLHO DE TOMATE,MOLHO DE TOMATE PIZZA ZAINE BISNAGA 1.6KGS,64
2021-09-01,MOLHO DE TOMATE,MOLHO DE TOMATE ZAINE 24X340GR,101184
2021-09-01,MOLHO DE TOMATE,MOLHO DE TOMATE TOP MAIS 24X340G,52224
2021-09-01,MOLHO DE TOMATE,MOLHO DE TOMATE IRANO 24X340G,279888
2021-09-01,MOLHO DE TOMATE,MOLHO DE TOMATE ZAINE 1X1.6KG,48
2021-09-01,POLPA DE BATATA,POLPA DE BATATA ZAINE 0.5,9635
2021-09-01,GOIABADA,GOIABADA TOP MAIS 24X300G,14472
2021-09-01,MOLHO DE TOMATE,MOLHO DE TOMATE ZAINE BAG 4.1KG,1025
2021-09-01,GOIABADA,GOIABADA PETRY 24X300G,248976
2021-09-01,GOIABADA,GOIABADA BALDE CREMOSA FORNEAVEL 1 X 4.8KG,48
2021-09-01,GOIABADA,GOIABADA FRITZ E FRIDA 300G,10395
2021-09-01,EXTRATO DE TOMATE,EXTRATO DE TOMATE ZAINE 24X350G,2100
2021-09-01,EXTRATO DE TOMATE,EXTRATO DE TOMATE ZAINE PREMIUM 4.1KG,17056
2021-09-01,EXTRATO DE TOMATE,EXTRATO DE TOMATE IRANO 24X350G,67368
2021-09-01,EXTRATO DE TOMATE,EXTRATO DE TOMATE ZAINE 1X350G,21
2021-09-01,GOIABADA,GOIABADA DONA ZAINE 7 KGS LISA,1820
2021-09-01,GOIABADA,GOIABADA PETRY 12 X 400G,192
2021-09-01,GOIABADA,GOIABADA ZAINE CREMOSA BAG 5KG,150
2021-09-01,GOIABADA,GOIABADA AMO 12X300G,6804
2021-09-01,GOIABADA,GOIABADA AMO 6X1.1KG,11088
2021-09-01,GOIABADA,GOIABADA ZAINE FORNEAVEL 7 KG,1267
2021-10-01,GOIABADA,GOIABADA ZAINE FORNEAVEL 1 X 1.5KG,12
2021-10-01,GOIABADA,GOIABADA ZAINE PREMIUM ZERO ADIÇÃO DE AÇUCAR FATIADA 6.1KG,3965
2021-10-01,MOLHO DE TOMATE,MOLHO DE TOMATE PIZZA ZAINE BAG 4.1KGS,164
2021-10-01,MOLHO DE TOMATE,MOLHO DE TOMATE PIZZA ZAINE BISNAGA 1.6KGS,24
2021-10-01,MOLHO DE TOMATE,MOLHO DE TOMATE ZAINE 24X340GR,868224
2021-10-01,MOLHO DE TOMATE,MOLHO DE TOMATE IRANO 24X340G,2856
2021-10-01,GOIABADA,GOIABADA ZAINE CREMOSA FORNO BAG 1X2KG,2
2021-10-01,MOLHO DE TOMATE,MOLHO DE TOMATE REFOGADO ZAINE BAG 10X 1.6 KG,960
2021-10-01,MOLHO DE TOMATE,MOLHO DE TOMATE TOP MAIS 24X340G,26112
2021-10-01,MOLHO DE TOMATE,MOLHO DE TOMATE TRADICIONAL COOP 340G,77588
2021-10-01,POLPA DE BATATA,POLPA DE BATATA ZAINE 0.5,6560
2021-10-01,MOLHO DE TOMATE,MOLHO DE TOMATE ZAINE BAG 4.1KG,5166
2021-10-01,GOIABADA,GOIABADA ZAINE CREMOSA FORNO BAG 10X2KG,360
2021-10-01,GOIABADA,GOIBADA CREMOSA FORNEAVEL ZAINE 1X1.010KG,909
2021-10-01,GOIABADA,GOIABADA PETRY 24X300G,175896
2021-10-01,GOIABADA,GOIABADA ZAINE 24X300G,1008
2021-10-01,EXTRATO DE TOMATE,EXTRATO DE TOMATE ZAINE PREMIUM 4.1KG,17056
2021-10-01,EXTRATO DE TOMATE,EXTRATO DE TOMATE DONA ZAINE 4.1KG,287
2021-10-01,EXTRATO DE TOMATE,EXTRATO DE TOMATE IRANO 24X350G,97944
2021-10-01,GOIABADA,GOIABADA DONA ZAINE 7 KGS LISA,1057
2021-10-01,GOIABADA,GOIABADA ZAINE FORNEAVEL 7 KG,1204
2021-10-01,EXTRATO DE TOMATE,EXTRATO DE TOMATE ZAINE 24X350G,8652
2021-10-01,GOIABADA,GOIABADA AMO 12X300G,720
2021-10-01,GOIABADA,GOIABADA AMO 6X1.1KG,660
2021-10-01,GOIABADA,GOIABADA FORN ZAINE PREMIUM FATIADA 6.1KG,122
2021-10-01,GOIABADA,GOIABADA FRITZ E FRIDA 300G,45
2021-10-01,GOIABADA,GOIABADA ZAINE CREMOSA BAG 5KG,15
2021-11-01,GOIABADA,GOIABADA ZAINE CREMOSA FORNEAVEL BALDE 2X4.8KG,624
2021-11-01,GOIABADA,GOIABADA ZAINE CREMOSA FORNO BAG 10X2KG,200
2021-11-01,GOIABADA,GOIABADA ZAINE CREMOSA TRAD. BALDE 2X4.8KG,384
2021-11-01,GOIABADA,GOIABADA ZAINE FORNEAVEL 1 X 1.5KG,255
2021-11-01,MOLHO DE TOMATE,MOLHO DE TOMATE REFOGADO ZAINE BAG 10X 1.6 KG,176
2021-11-01,MOLHO DE TOMATE,MOLHO DE TOMATE PIZZA ZAINE BISNAGA 1.6KGS,176
2021-11-01,GOIABADA,GOIBADA CREMOSA FORNEAVEL ZAINE 1X1.010KG,2828
2021-11-01,MOLHO DE TOMATE,MOLHO DE TOMATE ZAINE 24X340GR,117912
2021-11-01,MOLHO DE TOMATE,MOLHO DE TOMATE ZAINE BAG 4.1KG,82
2021-11-01,MOLHO DE TOMATE,MOLHO DE TOMATE IRANO 24X340G,512448
2021-11-01,GOIABADA,GOIABADA ZAINE CASCÃO PREMIUM FATIADA 6.1KG,244
2021-11-01,GOIABADA,GOIABADA ZAINE ZERO ADIÇAO ACUCAR 1X300G,36
2021-11-01,GOIABADA,GOIABADA ZAINE 24X300G,1152
2021-11-01,EXTRATO DE TOMATE,EXTRATO DE TOMATE ZAINE 1X350G,105
2021-11-01,GOIABADA,GOIABADA IRANO 24X300G,3672
2021-11-01,GOIABADA,GOIABADA ZAINE ZERO ADICÃO DE AÇUCAR 12X300G,18
2021-11-01,EXTRATO DE TOMATE,EXTRATO DE TOMATE ZAINE 24X350G,1260
2021-11-01,EXTRATO DE TOMATE,EXTRATO DE TOMATE ZAINE PREMIUM 4.1KG,2132
2021-11-01,EXTRATO DE TOMATE,EXTRATO DE TOMATE DONA ZAINE PREMIUM 1.6KG,8
2021-11-01,EXTRATO DE TOMATE,EXTRATO DE TOMATE DONA ZAINE PREMIUM 1X1.6KG,96
2021-11-01,EXTRATO DE TOMATE,EXTRATO DE TOMATE DONA ZAINE 4.1KG,164
2021-11-01,GOIABADA,GOIABADA DONA ZAINE 7 KGS LISA,77
2021-11-01,GOIABADA,GOIABADA ZAINE FORNEAVEL 7 KG,483
2021-11-01,GOIABADA,GOIABADA ZAINE FORNEAVEL 9X1.5 KG,27
2021-11-01,GOIABADA,GOIABADA ZAINE CREMOSA BAG 5KG,25
2021-11-01,GOIABADA,GOIABADA CREMOSA FORNEAVEL ZAINE 1.01KG,2525
2021-11-01,EXTRATO DE TOMATE,EXTRATO DE TOMATE IRANO 24X350G,40404
2021-12-01,MOLHO DE PIMENTA,MOLHO DE PIMENTA ZAINE TRADICIONAL 12X200G,72
2021-12-01,MOLHO DE TOMATE,MOLHO DE TOMATE PIZZA ZAINE BAG 4.1KGS,41
2021-12-01,MOLHO DE TOMATE,MOLHO DE TOMATE ZAINE 24X340GR,156672
2021-12-01,MOLHO DE TOMATE,MOLHO DE TOMATE ZAINE 36X300GR,375408
2021-12-01,MOLHO DE TOMATE,MOLHO DE TOMATE DONA ZAINE PREMIUM 1X1.6KGS,16
2021-12-01,MOLHO DE TOMATE,MOLHO DE TOMATE REFOGADO ZAINE BAG 10X 1.6 KG,48
2021-12-01,MOLHO DE TOMATE,MOLHO DE TOMATE TOP MAIS 24X340G,483888
2021-12-01,OUTROS,MOLHO DE ALHO ZAINE 12X200G,96
2021-12-01,OUTROS,MOLHO DE ALHO COM CHIMMICHURRI ZAINE 12X200G,144
2021-12-01,OUTROS,MOLHO PARA SALADA SABOR LIMAO ZAINE 12X200G,24
2021-12-01,OUTROS,MOLHO ROSE ZAINE 12X200G,144
2021-12-01,POLPA DE BATATA,POLPA DE BATATA ZAINE 0.5,6560
2021-12-01,SAL PARRILLA,SAL PARRILLA LEMON PEPPER ZAINE 6X400G,24
2021-12-01,SAL PARRILLA,SAL PARRILLA ZAINE TRADICIONAL 6X400G,24
2021-12-01,MOLHO DE PIMENTA,MOLHO DE PIMENTA SUAVE ZAINE 12X200G,48
2021-12-01,MOLHO DE TOMATE,MOLHO DE TOMATE ZAINE 1X1.6KG,16
2021-12-01,SAL PARRILLA,SAL PARRILLA ALHO ZAINE 6X400G,24
2021-12-01,MOLHO DE PIMENTA,MOLHO DE PIMENTA CASEIRO ZAINE 12X200G,24
2021-12-01,GOIABADA,GOIABADA ZAINE ZERO ADIÇAO ACUCAR 1X300G,12
2021-12-01,GOIABADA,GOIBADA CREMOSA FORNEAVEL ZAINE 1X1.010KG,202
2021-12-01,EXTRATO DE TOMATE,EXTRATO DE TOMATE ZAINE PREMIUM 4.1KG,12792
2021-12-01,EXTRATO DE TOMATE,EXTRATO DE TOMATE DONA ZAINE PREMIUM 1X1.6KG,32
2021-12-01,EXTRATO DE TOMATE,EXTRATO DE TOMATE ZAINE 1X350G,1295
2021-12-01,FAROFA,FAROFA ZAINE SABOR BACON REFIL 15X300G,27
2021-12-01,FAROFA,FAROFA ZAINE SABOR COSTELA REFIL 15X300G,135
2021-12-01,FAROFA,FAROFA ZAINE TRADICONAL REFIL 15X300G,45
2021-12-01,EXTRATO DE TOMATE,EXTRATO DE TOMATE ZAINE 24X350G,33768
2021-12-01,GOIABADA,GOIABADA ZAINE FORNEAVEL 9X1.5 KG,1350
2021-12-01,GOIABADA,GOIABADA FORN ZAINE PREMIUM FATIADA 6.1KG,2135
2021-12-01,GOIABADA,GOIABADA ZAINE 24X300G,2448
2021-12-01,GOIABADA,GOIABADA ZAINE CASCÃO PREMIUM FATIADA 6.1KG,1525
2021-12-01,GOIABADA,GOIABADA ZAINE CREMOSA FORNO BAG 10X2KG,1200
2021-12-01,GOIABADA,GOIABADA ZAINE FORNEAVEL 1 X 1.5KG,3
2021-12-01,GOIABADA,GOIABADA ZAINE FORNEAVEL 7 KG,9170
2021-12-01,GOIABADA,GOIABADA ZAINE PREMIUM ZERO ADIÇÃO DE AÇUCAR FATIADA 6.1KG,1403
2022-01-01,GOIABADA,GOIABADA ZAINE ZERO ADICÃO DE AÇUCAR 12X300G,216
2022-01-01,GOIABADA,GOIABADA ZAINE 24X300G,36
2022-01-01,GOIABADA,GOIABADA ZAINE CREMOSA FORNEAVEL BALDE 2X4.8KG,96
2022-01-01,GOIABADA,GOIABADA ZAINE CREMOSA FORNO BAG 10X2KG,320
2022-01-01,GOIABADA,GOIABADA ZAINE CREMOSA TRAD. BALDE 2X4.8KG,96
2022-01-01,GOIABADA,GOIABADADA BLOCO FORNEAVEL 7KG ALLBREAD,350
2022-01-01,MOLHO DE TOMATE,MOLHO DE TOMATE IRANO 24X340G,29376
2022-01-01,MOLHO DE TOMATE,MOLHO DE TOMATE ZAINE BAG 4.1KG,205
2022-01-01,MOLHO DE TOMATE,MOLHO DE TOMATE REFOGADO ZAINE BAG 10X 1.6 KG,16
2022-01-01,MOLHO DE TOMATE,MOLHO DE TOMATE TOP MAIS 24X340G,6528
2022-01-01,OUTROS,MOLHO DE ALHO ZAINE 12X200G,24
2022-01-01,GOIABADA,GOIABADA TOP MAIS 24X300G,1512
2022-01-01,MOLHO DE TOMATE,MOLHO DE TOMATE ZAINE 24X340GR,1018368
2022-01-01,GOIABADA,GOIABADA PETRY 24X300G,23148
2022-01-01,MOLHO DE TOMATE,MOLHO DE TOMATE ZAINE 36X300GR,24246
2022-01-01,GOIABADA,GOIABADA FRITZ E FRIDA 300G,4806
2022-01-01,EXTRATO DE TOMATE,EXTRATO DE TOMATE DONA ZAINE 4.1KG,410
2022-01-01,EXTRATO DE TOMATE,EXTRATO DE TOMATE DONA ZAINE PREMIUM 1.6KG,16
2022-01-01,EXTRATO DE TOMATE,EXTRATO DE TOMATE DONA ZAINE PREMIUM 10X 1.6 KG,16
2022-01-01,EXTRATO DE TOMATE,EXTRATO DE TOMATE IRANO 24X350G,3108
2022-01-01,FAROFA,FAROFA ZAINE SABOR COSTELA REFIL 15X300G,45
2022-01-01,EXTRATO DE TOMATE,EXTRATO DE TOMATE ZAINE 24X350G,924
2022-01-01,GOIABADA,DOCE CREMOSO DE GOIABA FORNEAVEL BALDE 2X4.8KG ALLBREAD,576
2022-01-01,GOIABADA,DOCE CREMOSO DE GOIABA FORNEAVEL BAG 10X2KG ALLBREAD,180
2022-01-01,GOIABADA,GOIABADA FORN ZAINE PREMIUM FATIADA 6.1KG,61
2022-01-01,GOIABADA,GOIABADA IRANO 24X300G,9432
2022-01-01,GOIABADA,GOIABADA ZAINE FORNEAVEL 9X1.5 KG,1350
2022-01-01,GOIABADA,GOIABADA ZAINE FORNEAVEL 7 KG,427
2022-01-01,GOIABADA,GOIABADA ZAINE CREMOSA BAG 5KG,15
2022-02-01,GOIABADA,GOIABADA FORN ZAINE PREMIUM FATIADA 6.1KG,122
2022-02-01,MOLHO DE TOMATE,MOLHO DE TOMATE TRADICIONAL COOP 340G,78336
2022-02-01,MOLHO DE TOMATE,MOLHO DE TOMATE TOP MAIS 24X340G,944928
2022-02-01,MOLHO DE TOMATE,MOLHO DE TOMATE ZAINE 36X300GR,276156
2022-02-01,MOLHO DE TOMATE,MOLHO DE TOMATE ZAINE 24X340GR,2115888
2022-02-01,MOLHO DE TOMATE,MOLHO DE TOMATE PIZZA ZAINE BAG 4.1KGS,41
2022-02-01,GOIABADA,GOIABADA ZAINE CREMOSA FORNO BAG 10X2KG,1000
2022-02-01,GOIABADA,GOIABADA ZAINE CREMOSA FORNEAVEL BALDE 2X4.8KG,288
2022-02-01,GOIABADA,GOIABADA ZAINE CREMOSA BAG 10X2KG,100
2022-02-01,GOIABADA,GOIABADA ZAINE 24X300G,2736
2022-02-01,MOLHO DE TOMATE,MOLHO DE TOMATE ZAINE BAG 4.1KG,451
2022-02-01,GOIABADA,GOIABADA DONA ZAINE 6 X 1KG,6
2022-02-01,GOIABADA,GOIABADA DONA ZAINE 12 X 400G,192
2022-02-01,GOIABADA,GOIABADA CREMOSA FORNEAVEL ZAINE 1.01KG,2121
2022-02-01,GOIABADA,GOIABADA ZAINE CREMOSA BAG 5KG,100
2022-02-01,GOIABADA,GOIABADA ZAINE FORNEAVEL 9X1.5 KG,405
2022-02-01,GOIABADA,GOIABADA ZAINE FORNEAVEL 7 KG,1729
2022-02-01,GOIABADA,GOIABADA DONA ZAINE 7 KGS LISA,1190
2022-02-01,EXTRATO DE TOMATE,EXTRATO DE TOMATE DONA ZAINE 4.1KG,205
2022-02-01,EXTRATO DE TOMATE,EXTRATO DE TOMATE ZAINE PREMIUM 4.1KG,46904
2022-02-01,EXTRATO DE TOMATE,EXTRATO DE TOMATE ZAINE 24X350G,31752
2022-02-01,GOIABADA,GOIABADA DONA ZAINE 12 X 700G,168
2022-03-01,GOIABADA,GOIABADA ZAINE CREMOSA TRAD. BALDE 2X4.8KG,192
2022-03-01,MOLHO DE PIMENTA,MOLHO DE PIMENTA SUAVE ZAINE 12X200G,24
2022-03-01,MOLHO DE TOMATE,MOLHO DE TOMATE PIZZA ZAINE BAG 4.1KGS,205
2022-03-01,MOLHO DE TOMATE,MOLHO DE TOMATE PIZZA ZAINE BISNAGA 1.6KGS,112
2022-03-01,MOLHO DE TOMATE,MOLHO DE TOMATE ZAINE 24X340GR,20808
2022-03-01,MOLHO DE TOMATE,MOLHO DE TOMATE ZAINE 36X300GR,197208
2022-03-01,MOLHO DE TOMATE,MOLHO DE TOMATE TRADICIONAL COOP 340G,80376
2022-03-01,MOLHO DE TOMATE,MOLHO DE TOMATE IRANO 24X340G,400656
2022-03-01,MOLHO DE TOMATE,MOLHO DE TOMATE REFOGADO ZAINE BAG 10X 1.6 KG,96
2022-03-01,MOLHO DE TOMATE,MOLHO DE TOMATE TOP MAIS 24X340G,117504
2022-03-01,POLPA DE BATATA,POLPA DE BATATA ZAINE 0.5,6560
2022-03-01,GOIABADA,GOIABADA ZAINE CREMOSA FORNO BAG 1X2KG,4
2022-03-01,MOLHO DE TOMATE,MOLHO DE TOMATE ZAINE BAG 4.1KG,451
2022-03-01,GOIABADA,GOIABADA ZAINE CREMOSA FORNO BAG 10X2KG,500
2022-03-01,EXTRATO DE TOMATE,EXTRATO DE TOMATE ZAINE 24X350G,55608
2022-03-01,GOIABADA,GOIABADA ZAINE CREMOSA BAG 10X2KG,100
2022-03-01,EXTRATO DE TOMATE,EXTRATO DE TOMATE DONA ZAINE 4.1KG,12505
2022-03-01,EXTRATO DE TOMATE,EXTRATO DE TOMATE IRANO 24X350G,64764
2022-03-01,GOIABADA,GOIABADA DONA ZAINE 7 KGS LISA,280
2022-03-01,GOIABADA,GOIABADA ZAINE FORNEAVEL 7 KG,1344
2022-03-01,GOIABADA,GOIABADA ZAINE FORNEAVEL 9X1.5 KG,5265
2022-03-01,GOIABADA,GOIABADA AMO 12X300G,12204
2022-03-01,GOIABADA,GOIABADA ZAINE CREMOSA FORNEAVEL BALDE 2X4.8KG,1728
2022-03-01,GOIABADA,GOIABADA CREMOSA FORNEAVEL ZAINE 1.01KG,7474
2022-03-01,GOIABADA,GOIABADA IRANO 24X300G,13176
2022-03-01,GOIABADA,GOIABADA OLIVEIRA 36X300G,15552
2022-03-01,GOIABADA,GOIABADA PETRY 24X300G,202248
2022-03-01,GOIABADA,GOIABADA ZAINE 24X300G,792
2022-03-01,GOIABADA,GOIABADA AMO 6X1.1KG,19668
2022-04-01,GOIABADA,GOIABADA ZAINE 24X300G,288
2022-04-01,GOIABADA,GOIABADA ZAINE CREMOSA FORNEA BAG 4X5KG,20
2022-04-01,GOIABADA,GOIABADA ZAINE CREMOSA FORNEAVEL BALDE 2X4.8KG,384
2022-04-01,GOIABADA,GOIABADADA BLOCO FORNEAVEL 7KG ALLBREAD,1190
2022-04-01,MOLHO DE TOMATE,MOLHO DE TOMATE IRANO 24X340G,507552
2022-04-01,MOLHO DE TOMATE,MOLHO DE TOMATE ZAINE BAG 4.1KG,4264
2022-04-01,GOIABADA,GOIABADA ZAINE ZERO ADICÃO DE AÇUCAR 12X300G,36
2022-04-01,MOLHO DE TOMATE,MOLHO DE TOMATE TOP MAIS 24X340G,19584
2022-04-01,MOLHO DE TOMATE,MOLHO DE TOMATE TRADICIONAL COOP 340G,6596
2022-04-01,MOLHO DE TOMATE,MOLHO DE TOMATE ZAINE 24X340GR,1645872
2022-04-01,GOIABADA,GOIABADA OLIVEIRA 36X300G,31104
2022-04-01,MOLHO DE TOMATE,MOLHO DE TOMATE ZAINE 36X300GR,1188
2022-04-01,GOIABADA,GOIABADA DONA ZAINE 6 X 1KG,6
2022-04-01,GOIABADA,GOIABADA FRITZ E FRIDA 300G,5586
2022-04-01,EXTRATO DE TOMATE,EXTRATO DE TOMATE ZAINE 24X350G,336
2022-04-01,EXTRATO DE TOMATE,EXTRATO DE TOMATE IRANO 24X350G,27804
2022-04-01,GOIABADA,DOCE CREMOSO DE GOIABA FORNEAVEL BAG 10X2KG ALLBREAD,720
2022-04-01,EXTRATO DE TOMATE,EXTRATO DE TOMATE ZAINE PREMIUM 4.1KG,25584
2022-04-01,GOIABADA,GOIABADA DONA ZAINE 7 KGS LISA,5460
2022-04-01,GOIABADA,GOIABADA ZAINE FORNEAVEL 7 KG,5460
2022-04-01,GOIABADA,GOIABADA ZAINE FORNEAVEL 9X1.5 KG,1107
2022-04-01,GOIABADA,GOIABADA DIVINA MESA 24X300G,248976
2022-04-01,GOIABADA,DOCE CREMOSO DE GOIABA FORNEAVEL BALDE 2X4.8KG ALLBREAD,9216
2022-05-01,GOIABADA,GOIABADA ZAINE CREMOSA FORNEAVEL BALDE 2X4.8KG,1632
2022-05-01,MOLHO DE TOMATE,MOLHO DE TOMATE ZAINE 24X340GR,816
2022-05-01,GOIABADA,GOIABADA ZAINE CREMOSA FORNO BAG 10X2KG,320
2022-05-01,GOIABADA,GOIABADA ZAINE PREMIUM ZERO ADIÇÃO DE AÇUCAR FATIADA 6.1KG,122
2022-05-01,GOIABADA,GOIABADADA BLOCO FORNEAVEL 7KG ALLBREAD,350
2022-05-01,MOLHO DE PIMENTA,MOLHO DE PIMENTA CASEIRO ZAINE 12X200G,24
2022-05-01,MOLHO DE PIMENTA,MOLHO DE PIMENTA SUAVE ZAINE 12X200G,24
2022-05-01,MOLHO DE PIMENTA,MOLHO DE PIMENTA ZAINE TRADICIONAL 12X200G,24
2022-05-01,MOLHO DE TOMATE,MOLHO DE TOMATE ZAINE 36X300GR,702
2022-05-01,SAL PARRILLA,SAL PARRILLA ALHO ZAINE 6X400G,24
2022-05-01,MOLHO DE TOMATE,MOLHO DE TOMATE TOP MAIS 24X340G,105264
2022-05-01,OUTROS,MOLHO DE ALHO ZAINE 12X200G,24
2022-05-01,POLPA DE BATATA,POLPA DE BATATA ZAINE 0.5,6560
2022-05-01,SAL PARRILLA,SAL PARRILLA COM CHIMMICHURRI ZAINE 6X350G,21
2022-05-01,SAL PARRILLA,SAL PARRILLA DEFUMADO ZAINE 6X400G,24
2022-05-01,SAL PARRILLA,SAL PARRILLA LEMON PEPPER ZAINE 6X400G,24
2022-05-01,SAL PARRILLA,SAL PARRILLA ZAINE TRADICIONAL 6X400G,24
2022-05-01,GOIABADA,GOIABADA ZAINE CREMOSA BAG 10X2KG,100
2022-05-01,MOLHO DE TOMATE,MOLHO DE TOMATE ZAINE BAG 4.1KG,697
2022-05-01,GOIABADA,GOIABADA ZAINE CASCÃO PREMIUM FATIADA 6.1KG,244
2022-05-01,GOIABADA,DOCE CREMOSO DE GOIABA FORNEAVEL BALDE 2X4.8KG ALLBREAD,432
2022-05-01,GOIABADA,GOIABADA PETRY 24X300G,220248
2022-05-01,EXTRATO DE TOMATE,EXTRATO DE TOMATE ZAINE 24X350G,252
2022-05-01,EXTRATO DE TOMATE,EXTRATO DE TOMATE ZAINE PREMIUM 4.1KG,2132
2022-05-01,EXTRATO DE TOMATE,EXTRATO DE TOMATE DONA ZAINE 4.1KG,205
2022-05-01,FAROFA,FAROFA ZAINE ALHO FRITO 10X300G,3
2022-05-01,GOIABADA,GOIABADA ZAINE 24X300G,792
2022-05-01,FAROFA,FAROFA ZAINE PICANTE 10X300G,3
2022-05-01,FAROFA,FAROFA ZAINE PICANTE REFIL 15X300G,45
2022-05-01,FAROFA,FAROFA ZAINE SABOR BACON REFIL 15X300G,45
2022-05-01,FAROFA,FAROFA ZAINE TRADICONAL 10X300G,3
2022-05-01,FAROFA,FAROFA ZAINE ALHO FRITO REFIL 15X300G,45
2022-05-01,GOIABADA,GOIABADA DONA ZAINE 7 KGS LISA,70
2022-05-01,GOIABADA,GOIABADA ZAINE FORNEAVEL 7 KG,3227
2022-05-01,GOIABADA,GOIABADA ZAINE FORNEAVEL 9X1.5 KG,540
2022-05-01,GOIABADA,GOIABADA ZAINE CREMOSA BAG 5KG,30
2022-05-01,GOIABADA,GOIABADA FORN ZAINE PREMIUM FATIADA 6.1KG,244
2022-05-01,GOIABADA,GOIABADA FRITZ E FRIDA 300G,6384
2022-05-01,GOIABADA,GOIABADA OLIVEIRA 36X300G,39744
2022-05-01,FAROFA,FAROFA ZAINE TRADICONAL REFIL 15X300G,45
2022-06-01,GOIABADA,GOIABADA ZAINE 24X300G,11232
2022-06-01,GOIABADA,GOIABADA ZAINE CREMOSA FORNEAVEL BALDE 2X4.8KG,2112
2022-06-01,GOIABADA,GOIABADA ZAINE CREMOSA FORNO BAG 10X2KG,340
2022-06-01,GOIABADA,GOIABADADA BLOCO FORNEAVEL 7KG ALLBREAD,700
2022-06-01,MOLHO DE TOMATE,MOLHO DE TOMATE DONA ZAINE PREMIUM 4X4.1KGS,164
2022-06-01,MOLHO DE TOMATE,MOLHO DE TOMATE ZAINE 24X340GR,816
2022-06-01,MOLHO DE TOMATE,MOLHO DE TOMATE ZAINE 36X300GR,116208
2022-06-01,MOLHO DE TOMATE,MOLHO DE TOMATE ZAINE BAG 4.1KG,4346
2022-06-01,POLPA DE BATATA,POLPA DE BATATA ZAINE 0.5,6560
2022-06-01,GOIABADA,GOIABADA PETRY 24X300G,24444
2022-06-01,GOIABADA,GOIABADA ZAINE FORNEAVEL 7 KG,105
2022-06-01,GOIABADA,GOIABADA OLIVEIRA 36X300G,31104
2022-06-01,GOIABADA,GOIABADA PETRY 12 X 400G,960
2022-06-01,FAROFA,FAROFA ZAINE TRADICONAL REFIL 15X300G,45
2022-06-01,GOIABADA,DOCE CREMOSO DE GOIABA FORNEAVEL BAG 10X2KG ALLBREAD,400
2022-06-01,EXTRATO DE TOMATE,EXTRATO DE TOMATE ZAINE 24X350G,1932
2022-06-01,GOIABADA,GOIABADA ZAINE FORNEAVEL 9X1.5 KG,945
2022-06-01,GOIABADA,GOIABADA DONA ZAINE 6 X 1KG,60
2022-06-01,GOIABADA,GOIABADA FORN ZAINE PREMIUM FATIADA 6.1KG,122
2022-06-01,GOIABADA,DOCE CREMOSO DE GOIABA FORNEAVEL BALDE 2X4.8KG ALLBREAD,5184
2022-07-01,GOIABADA,GOIABADA ZAINE 24X300G,72
2022-07-01,GOIABADA,GOIABADA ZAINE CREMOSA BAG 10X2KG,800
2022-07-01,GOIABADA,GOIABADA ZAINE CREMOSA FORNEAVEL BALDE 2X4.8KG,240
2022-07-01,GOIABADA,GOIABADA ZAINE CREMOSA FORNO BAG 10X2KG,100
2022-07-01,GOIABADA,GOIABADADA BLOCO FORNEAVEL 7KG ALLBREAD,1890
2022-07-01,MOLHO DE TOMATE,MOLHO DE TOMATE PIZZA ZAINE BISNAGA 1.6KGS,8
2022-07-01,MOLHO DE TOMATE,MOLHO DE TOMATE ZAINE 24X340GR,816
2022-07-01,MOLHO DE TOMATE,MOLHO DE TOMATE ZAINE 36X300GR,1836
2022-07-01,MOLHO DE TOMATE,MOLHO DE TOMATE ZAINE BAG 4.1KG,533
2022-07-01,MOLHO DE TOMATE,MOLHO DE TOMATE ZAINE STAND UP 6X2.0KG,120
2022-07-01,MOLHO DE TOMATE,MOLHO DE TOMATE TOP MAIS 24X340G,1694016
2022-07-01,MOLHO DE TOMATE,MOLHO DE TOMATE TRADICIONAL COOP 340G,39168
2022-07-01,POLPA DE BATATA,POLPA DE BATATA ZAINE 0.5,8200
2022-07-01,SAL PARRILLA,SAL PARRILLA ALHO ZAINE 6X400G,24
2022-07-01,SAL PARRILLA,SAL PARRILLA COM CHIMMICHURRI ZAINE 6X350G,21
2022-07-01,GOIABADA,GOIABADA TOP MAIS 24X300G,1080
2022-07-01,GOIABADA,GOIABADA PREMIUM CREMOSA ZAINE 16X400G,64
2022-07-01,MOLHO DE PIMENTA,MOLHO DE PIMENTA CASEIRO ZAINE 12X200G,24
2022-07-01,GOIABADA,GOIABADA PETRY 12 X 400G,11520
2022-07-01,GOIABADA,GOIABADA PETRY 24X300G,76104
2022-07-01,EXTRATO DE TOMATE,EXTRATO DE TOMATE DOURADOS STAN UP 2KG,386
2022-07-01,EXTRATO DE TOMATE,EXTRATO DE TOMATE ZAINE 24X350G,252
2022-07-01,EXTRATO DE TOMATE,EXTRATO DE TOMATE ZAINE PREMIUM 4.1KG,2132
2022-07-01,EXTRATO DE TOMATE,EXTRATO DE TOMATE DONA ZAINE PREMIUM 1.6KG,8
2022-07-01,FAROFA,FAROFA ZAINE PICANTE REFIL 15X300G,45
2022-07-01,GOIABADA,DOCE CREMOSO DE GOIABA FORNEAVEL BAG 10X2KG ALLBREAD,840
2022-07-01,GOIABADA,DOCE CREMOSO DE GOIABA FORNEAVEL BAG 10X2KG ALLBREAD 1X2KG,120
2022-07-01,GOIABADA,GOIABADA ZAINE CREMOSA TRAD. BALDE 2X4.8KG,192
2022-07-01,GOIABADA,GOIABADA DONA ZAINE 7 KGS LISA,2730
2022-07-01,GOIABADA,GOIABADA ZAINE FORNEAVEL 7 KG,1050
2022-07-01,GOIABADA,GOIABADA ZAINE FORNEAVEL 9X1.5 KG,1215
2022-07-01,GOIABADA,GOIABADA ZAINE CREMOSA BAG 5KG,275
2022-07-01,GOIABADA,GOIABADA CREMOSA FORNEAVEL ZAINE 1.01KG,303
2022-07-01,GOIABADA,GOIABADA DONA ZAINE 6 X 1KG,60
2022-07-01,GOIABADA,GOIABADA FRITZ E FRIDA 300G,5586
2022-07-01,GOIABADA,DOCE CREMOSO DE GOIABA FORNEAVEL BALDE 2X4.8KG ALLBREAD,15744
2022-07-01,GOIABADA,GOIABADA OLIVEIRA 36X300G,46656
2022-08-01,MOLHO DE TOMATE,MOLHO DE TOMATE PIZZA ZAINE BISNAGA 1.6KGS,496
2022-08-01,MOLHO DE PIMENTA,MOLHO DE PIMENTA ZAINE TRADICIONAL 12X200G,24
2022-08-01,MOLHO DE PIMENTA,MOLHO DE PIMENTA SUAVE ZAINE 12X200G,24
2022-08-01,GOIABADA,GOIABADA ZAINE CREMOSA FORNO BAG 10X2KG,120
2022-08-01,GOIABADA,GOIABADADA BLOCO FORNEAVEL 7KG ALLBREAD,700
2022-08-01,MOLHO DE TOMATE,MOLHO DE TOMATE ZAINE 36X300GR,336528
2022-08-01,GOIABADA,GOIABADA ZAINE CREMOSA FORNEAVEL BALDE 2X4.8KG,576
2022-08-01,MOLHO DE PIMENTA,MOLHO DE PIMENTA CASEIRO ZAINE 12X200G,24
2022-08-01,MOLHO DE TOMATE,MOLHO DE TOMATE ZAINE BAG 4.1KG,22509
2022-08-01,OUTROS,MOLHO DE ALHO ZAINE 12X200G,24
2022-08-01,MOLHO DE TOMATE,MOLHO DE TOMATE REFOGADO DOURADOS STAN UP 6X2KG,18480
2022-08-01,MOLHO DE TOMATE,MOLHO DE TOMATE REFOGADO ZAINE BAG 10X 1.6 KG,480
2022-08-01,MOLHO DE TOMATE,MOLHO DE TOMATE TOP MAIS 24X340G,168096
2022-08-01,POLPA DE BATATA,POLPA DE BATATA ZAINE 0.5,6560
2022-08-01,SAL PARRILLA,SAL PARRILLA ALHO ZAINE 6X400G,48
2022-08-01,SAL PARRILLA,SAL PARRILLA COM CHIMMICHURRI ZAINE 6X350G,42
2022-08-01,SAL PARRILLA,SAL PARRILLA DEFUMADO ZAINE 6X400G,48
2022-08-01,GOIABADA,GOIABADA ZAINE 24X300G,3384
2022-08-01,SAL PARRILLA,SAL PARRILLA ZAINE TRADICIONAL 6X400G,48
2022-08-01,MOLHO DE TOMATE,MOLHO DE TOMATE ZAINE STAND UP 6X2.0KG,2508
2022-08-01,SAL PARRILLA,SAL PARRILLA LEMON PEPPER ZAINE 6X400G,48
2022-08-01,GOIABADA,GOIABADA PREMIUM CREMOSA ZAINE 1X400G,24
2022-08-01,GOIABADA,GOIABADA OLIVEIRA 36X300G,46656
2022-08-01,GOIABADA,GOIABADA PREMIUM CREMOSA ZAINE 16X400G,256
2022-08-01,EXTRATO DE TOMATE,EXTRATO DE TOMATE DOURADOS STAN UP 2KG,386
2022-08-01,EXTRATO DE TOMATE,EXTRATO DE TOMATE ZAINE 24X350G,8988
2022-08-01,EXTRATO DE TOMATE,EXTRATO DE TOMATE ZAINE PREMIUM 4.1KG,2132
2022-08-01,EXTRATO DE TOMATE,EXTRATO DE TOMATE DONA ZAINE 4.1KG,41
2022-08-01,FAROFA,FAROFA ZAINE ALHO FRITO 10X300G,3
2022-08-01,FAROFA,FAROFA ZAINE PICANTE 10X300G,3
2022-08-01,FAROFA,FAROFA ZAINE PICANTE REFIL 15X300G,45
2022-08-01,FAROFA,FAROFA ZAINE SABOR COSTELA REFIL 15X300G,45
2022-08-01,EXTRATO DE TOMATE,EXTRATO DE TOMATE IRANO 24X350G,82068
2022-08-01,FAROFA,FAROFA ZAINE TRADICONAL REFIL 15X300G,9
2022-08-01,GOIABADA,DOCE CREMOSO DE GOIABA FORNEAVEL BAG 10X2KG ALLBREAD,260
2022-08-01,GOIABADA,DOCE CREMOSO DE GOIABA FORNEAVEL BALDE 2X4.8KG ALLBREAD,576
2022-08-01,GOIABADA,GOIABADA DONA ZAINE 7 KGS LISA,1400
2022-08-01,GOIABADA,GOIABADA ZAINE FORNEAVEL 7 KG,4970
2022-08-01,GOIABADA,GOIABADA ZAINE FORNEAVEL 9X1.5 KG,8775
2022-08-01,GOIABADA,GOIABADA CREMOSA FORNEAVEL ZAINE 1.01KG,303
2022-08-01,GOIABADA,GOIABADA FRITZ E FRIDA 300G,5586
2022-08-01,FAROFA,FAROFA ZAINE TRADICONAL 10X300G,3
2022-09-01,MOLHO DE PIMENTA,MOLHO DE PIMENTA ZAINE TRADICIONAL 12X200G,24
2022-09-01,MOLHO DE PIMENTA,MOLHO DE PIMENTA SUAVE ZAINE 12X200G,24
2022-09-01,MOLHO DE PIMENTA,MOLHO DE PIMENTA CASEIRO ZAINE 12X200G,48
2022-09-01,GOIABADA,GOIABADADA BLOCO FORNEAVEL 7KG ALLBREAD,1750
2022-09-01,GOIABADA,GOIABADA ZAINE CREMOSA BAG 10X2KG,1400
2022-09-01,GOIABADA,GOIABADA ZAINE CREMOSA TRAD. BALDE 2X4.8KG,336
2022-09-01,GOIABADA,GOIABADA ZAINE CREMOSA FORNEAVEL BALDE 2X4.8KG,768
2022-09-01,MOLHO DE TOMATE,MOLHO DE TOMATE ZAINE 36X300GR,486
2022-09-01,GOIABADA,GOIABADA ZAINE ZERO ADIÇAO ACUCAR 1X300G,15
2022-09-01,MOLHO DE TOMATE,MOLHO DE TOMATE ZAINE BAG 4.1KG,41
2022-09-01,SAL PARRILLA,SAL PARRILLA ZAINE TRADICIONAL 6X400G,24
2022-09-01,MOLHO DE TOMATE,MOLHO DE TOMATE REFOGADO DOURADOS STAN UP 6X2KG,17640
2022-09-01,MOLHO DE TOMATE,MOLHO DE TOMATE TRADICIONAL COOP 340G,156672
2022-09-01,MOLHO DE TOMATE,MOLHO DE TOMATE ZAINE 1X300GR,15
2022-09-01,POLPA DE BATATA,POLPA DE BATATA ZAINE 0.5,6560
2022-09-01,SAL PARRILLA,SAL PARRILLA ALHO ZAINE 6X400G,48
2022-09-01,SAL PARRILLA,SAL PARRILLA COM CHIMMICHURRI ZAINE 6X350G,21
2022-09-01,SAL PARRILLA,SAL PARRILLA DEFUMADO ZAINE 6X400G,48
2022-09-01,SAL PARRILLA,SAL PARRILLA LEMON PEPPER ZAINE 6X400G,24
2022-09-01,GOIABADA,GOIABADA ZAINE ZERO ADICÃO DE AÇUCAR 12X300G,36
2022-09-01,MOLHO DE TOMATE,MOLHO DE TOMATE REFOGADO DIVINA MESA 36X300G,290304
2022-09-01,GOIABADA,GOIABADA PREMIUM CREMOSA ZAINE 1X400G,2
2022-09-01,GOIABADA,GOIABADA OLIVEIRA 36X300G,62208
2022-09-01,GOIABADA,GOIABADA PETRY 24X300G,248976
2022-09-01,CATCHUP,CATCHUP ZAINE PREMIUM 1X360GR,18
2022-09-01,CATCHUP,CATCHUP ZAINE PREMIUM COM PIMENTA 1X360GR,18
2022-09-01,GOIABADA,GOIABADA PREMIUM CREMOSA ZAINE 16X400G,256
2022-09-01,EXTRATO DE TOMATE,EXTRATO DE TOMATE ZAINE PREMIUM 4.1KG,21607
2022-09-01,EXTRATO DE TOMATE,EXTRATO DE TOMATE ZAINE 1X350G,175
2022-09-01,FAROFA,FAROFA ZAINE ALHO FRITO 10X300G,6
2022-09-01,FAROFA,FAROFA ZAINE PICANTE 10X300G,3
2022-09-01,FAROFA,FAROFA ZAINE SABOR COSTELA REFIL 15X300G,45
2022-09-01,FAROFA,FAROFA ZAINE TRADICONAL 10X300G,3
2022-09-01,FAROFA,FAROFA ZAINE TRADICONAL REFIL 15X300G,45
2022-09-01,EXTRATO DE TOMATE,EXTRATO DE TOMATE DOURADOS STAN UP 2KG,828
2022-09-01,GOIABADA,DOCE CREMOSO DE GOIABA FORNEAVEL BALDE 2X4.8KG ALLBREAD,13152
2022-09-01,GOIABADA,DOCE CREMOSO DE GOIABA FORNEAVEL BAG 10X2KG ALLBREAD,1020
2022-09-01,GOIABADA,GOIABADA DONA ZAINE 6 X 1KG,1260
2022-09-01,GOIABADA,GOIABADA DONA ZAINE 12 X 700G,1176
2022-09-01,GOIABADA,GOIABADA DIVINA MESA 24X300G,114912
2022-09-01,GOIABADA,GOIABADA FRITZ E FRIDA 300G,5586
2022-09-01,GOIABADA,GOIABADA ZAINE FORNEAVEL 9X1.5 KG,9315
2022-09-01,GOIABADA,GOIABADA ZAINE FORNEAVEL 7 KG,308
2022-09-01,GOIABADA,GOIABADA DONA ZAINE 7 KGS LISA,700
2022-09-01,GOIABADA,GOIABADA CREMOSA FORNEAVEL ZAINE 1.01KG,1515
2022-10-01,GOIABADA,GOIABADADA BLOCO FORNEAVEL 7KG ALLBREAD,1260
2022-10-01,GOIABADA,GOIABADA ZAINE CREMOSA BAG 10X2KG,200
2022-10-01,GOIABADA,GOIABADA ZAINE CREMOSA FORNEAVEL BALDE 2X4.8KG,288
2022-10-01,GOIABADA,GOIABADA ZAINE CREMOSA FORNO BAG 10X2KG,560
2022-10-01,SAL PARRILLA,SAL PARRILLA LEMON PEPPER ZAINE 6X400G,24
2022-10-01,GOIABADA,GOIABADA ZAINE CREMOSA TRAD. BALDE 2X4.8KG,192
2022-10-01,MOLHO DE TOMATE,MOLHO DE TOMATE ZAINE 24X340GR,816
2022-10-01,MOLHO DE TOMATE,MOLHO DE TOMATE REFOGADO DOURADOS STAN UP 6X2KG,17640
2022-10-01,MOLHO DE TOMATE,MOLHO DE TOMATE ZAINE BAG 4.1KG,41
2022-10-01,MOLHO DE TOMATE,MOLHO DE TOMATE IRANO 24X340G,127296
2022-10-01,MOLHO DE TOMATE,MOLHO DE TOMATE REFOGADO DIVINA MESA 36X300G,145152
2022-10-01,MOLHO DE TOMATE,MOLHO DE TOMATE TOP MAIS 36X300G,15552
2022-10-01,SAL PARRILLA,SAL PARRILLA ALHO ZAINE 6X400G,24
2022-10-01,SAL PARRILLA,SAL PARRILLA DEFUMADO ZAINE 6X400G,24
2022-10-01,GOIABADA,GOIABADA ZAINE 24X300G,540
2022-10-01,MOLHO DE TOMATE,MOLHO DE TOMATE ZAINE 36X300GR,28944
2022-10-01,GOIABADA,GOIABADA ZAINE ZERO ADICÃO DE AÇUCAR 12X300G,216
2022-10-01,GOIABADA,GOIABADA DONA ZAINE 12 X 700G,588
2022-10-01,GOIABADA,GOIABADA PETRY 24X300G,19152
2022-10-01,GOIABADA,GOIABADA PREMIUM CREMOSA ZAINE 16X400G,128
2022-10-01,EXTRATO DE TOMATE,EXTRATO DE TOMATE ZAINE 24X350G,40488
2022-10-01,EXTRATO DE TOMATE,EXTRATO DE TOMATE DONA ZAINE 4.1KG,4264
2022-10-01,EXTRATO DE TOMATE,EXTRATO DE TOMATE IRANO 24X350G,24444
2022-10-01,GOIABADA,DOCE CREMOSO DE GOIABA FORNEAVEL BAG 10X2KG ALLBREAD,640
2022-10-01,GOIABADA,DOCE CREMOSO DE GOIABA FORNEAVEL BALDE 2X4.8KG ALLBREAD,8064
2022-10-01,GOIABADA,GOIABADA DONA ZAINE 7 KGS LISA,2975
2022-10-01,EXTRATO DE TOMATE,EXTRATO DE TOMATE ZAINE PREMIUM 4.1KG,21566
2022-10-01,GOIABADA,GOIABADA ZAINE FORNEAVEL 9X1.5 KG,15795
2022-10-01,GOIABADA,GOIABADA ZAINE CREMOSA BAG 5KG,30
2022-10-01,GOIABADA,GOIABADA DIVINA MESA 24X300G,105336
2022-10-01,GOIABADA,GOIABADA DONA ZAINE 6 X 1KG,840
2022-10-01,GOIABADA,GOIABADA FRITZ E FRIDA 300G,5586
2022-10-01,GOIABADA,GOIABADA IRANO 24X300G,576
2022-10-01,GOIABADA,GOIABADA OLIVEIRA 36X300G,31104
2022-10-01,GOIABADA,GOIABADA ZAINE FORNEAVEL 7 KG,2618
2022-11-01,GOIABADA,GOIABADA ZAINE CREMOSA FORNEAVEL BALDE 2X4.8KG,768
2022-11-01,GOIABADA,GOIABADA ZAINE CREMOSA FORNO BAG 10X2KG,200
2022-11-01,GOIABADA,GOIABADADA BLOCO FORNEAVEL 7KG ALLBREAD,1050
2022-11-01,GOIABADA,GOIBADA CREMOSA FORNEAVEL ZAINE 1X1.010KG,202
2022-11-01,MOLHO DE TOMATE,MOLHO DE TOMATE ZAINE 36X300GR,6588
2022-11-01,MOLHO DE TOMATE,MOLHO DE TOMATE REFOGADO DIVINA MESA 36X300G,153252
2022-11-01,MOLHO DE TOMATE,MOLHO DE TOMATE IRANO 24X340G,1632
2022-11-01,MOLHO DE TOMATE,MOLHO DE TOMATE REFOGADO DOURADOS STAN UP 6X2KG,18216
2022-11-01,MOLHO DE TOMATE,MOLHO DE TOMATE TOP MAIS 36X300G,9504
2022-11-01,POLPA DE BATATA,POLPA DE BATATA ZAINE 0.5,7585
2022-11-01,GOIABADA,GOIABADA ZAINE CREMOSA FORNEA BAG 4X5KG,160
2022-11-01,MOLHO DE TOMATE,MOLHO DE TOMATE ZAINE BAG 4.1KG,451
2022-11-01,GOIABADA,GOIABADA ZAINE CREMOSA BAG 10X2KG,700
2022-11-01,GOIABADA,GOIABADA ZAINE CREMOSA TRAD. BALDE 2X4.8KG,192
2022-11-01,GOIABADA,GOIABADA PETRY 24X300G,268128
2022-11-01,GOIABADA,GOIABADA TOP MAIS 24X300G,360
2022-11-01,GOIABADA,DOCE CREMOSO DE GOIABA FORNEAVEL BAG 10X2KG ALLBREAD,600
2022-11-01,GOIABADA,DOCE CREMOSO DE GOIABA FORNEAVEL BALDE 2X4.8KG ALLBREAD,960
2022-11-01,GOIABADA,GOIABADA DONA ZAINE 7 KGS LISA,5040
2022-11-01,GOIABADA,GOIABADA ZAINE FORNEAVEL 7 KG,3920
2022-11-01,GOIABADA,GOIABADA ZAINE FORNEAVEL 9X1.5 KG,14715
2022-11-01,EXTRATO DE TOMATE,EXTRATO DE TOMATE ZAINE PREMIUM 4.1KG,8528
2022-11-01,GOIABADA,GOIABADA CREMOSA FORNEAVEL ZAINE 1.01KG,1515
2022-11-01,GOIABADA,GOIABADA DONA ZAINE 6 X 1KG,48
2022-11-01,GOIABADA,GOIABADA FRITZ E FRIDA 300G,798
2022-11-01,GOIABADA,GOIABADA OLIVEIRA 36X300G,31104
2022-11-01,GOIABADA,GOIABADA ZAINE CREMOSA BAG 5KG,10
2022-11-01,GOIABADA,GOIABADA PETRY 12 X 400G,1920
2022-12-01,MOLHO DE TOMATE,MOLHO DE TOMATE ZAINE 36X300GR,15444
2022-12-01,MOLHO DE PIMENTA,MOLHO DE PIMENTA ZAINE TRADICIONAL 12X200G,96
2022-12-01,MOLHO DE PIMENTA,MOLHO DE PIMENTA SUAVE ZAINE 12X200G,24
2022-12-01,MOLHO DE PIMENTA,MOLHO DE PIMENTA CASEIRO ZAINE 12X200G,96
2022-12-01,GOIABADA,GOIABADA ZAINE CREMOSA FORNO BAG 10X2KG,140
2022-12-01,GOIABADA,GOIABADA ZAINE CREMOSA TRAD. BALDE 2X4.8KG,384
2022-12-01,GOIABADA,GOIABADA ZAINE CREMOSA FORNEAVEL BALDE 2X4.8KG,1152
2022-12-01,GOIABADA,GOIABADA ZAINE CREMOSA BAG 10X2KG,60
2022-12-01,GOIABADA,GOIABADA ZAINE 24X300G,2304
2022-12-01,MOLHO DE TOMATE,MOLHO DE TOMATE ZAINE BAG 4.1KG,410
2022-12-01,GOIABADA,GOIABADADA BLOCO FORNEAVEL 7KG ALLBREAD,1400
2022-12-01,MOLHO DE TOMATE,MOLHO DE TOMATE IRANO 24X340G,266016
2022-12-01,POLPA DE BATATA,POLPA DE BATATA ZAINE 0.5,119925
2022-12-01,MOLHO DE TOMATE,MOLHO DE TOMATE TOP MAIS 36X300G,864
2022-12-01,OUTROS,MOLHO DE ALHO COM CHIMMICHURRI ZAINE 12X200G,24
2022-12-01,OUTROS,MOLHO DE ALHO ZAINE 12X200G,48
2022-12-01,OUTROS,MOLHO PARA SALADA SABOR LIMAO ZAINE 12X200G,24
2022-12-01,OUTROS,MOLHO ROSE ZAINE 12X200G,24
2022-12-01,SAL PARRILLA,SAL PARRILLA ALHO ZAINE 6X400G,24
2022-12-01,SAL PARRILLA,SAL PARRILLA COM CHIMMICHURRI ZAINE 6X350G,63
2022-12-01,SAL PARRILLA,SAL PARRILLA DEFUMADO ZAINE 6X400G,48
2022-12-01,SAL PARRILLA,SAL PARRILLA LEMON PEPPER ZAINE 6X400G,24
2022-12-01,SAL PARRILLA,SAL PARRILLA ZAINE TRADICIONAL 6X400G,72
2022-12-01,GOIABADA,GOIABADA TOP MAIS 24X300G,10872
2022-12-01,MOLHO DE TOMATE,MOLHO DE TOMATE REFOGADO PREMIUM FRITZ & FRIDA 4X4.1KG,119392
2022-12-01,GOIABADA,GOIABADA PREMIUM CREMOSA ZAINE 16X400G,768
2022-12-01,FAROFA,FAROFA ZAINE ALHO FRITO REFIL 1X300G UNIDADE,18
2022-12-01,GOIABADA,GOIABADA IRANO 24X300G,576
2022-12-01,CATCHUP,CATCHUP ZAINE PREMIUM 16X360GR,576
2022-12-01,EXTRATO DE TOMATE,EXTRATO DE TOMATE ZAINE 24X350G,252
2022-12-01,EXTRATO DE TOMATE,EXTRATO DE TOMATE IRANO 24X350G,17304
2022-12-01,EXTRATO DE TOMATE,EXTRATO DE TOMATE PREMIUM FRITZ & FRIDA 4X4.1KG,119392
2022-12-01,FAROFA,FAROFA ZAINE ALHO FRITO 10X300G,3
2022-12-01,FAROFA,FAROFA ZAINE PICANTE REFIL 15X300G,45
2022-12-01,FAROFA,FAROFA ZAINE PICANTE REFIL 1X300G UNIDADE,18
2022-12-01,FAROFA,FAROFA ZAINE SABOR BACON 10X300G,3
2022-12-01,FAROFA,FAROFA ZAINE SABOR BACON REFIL 15X300G,45
2022-12-01,FAROFA,FAROFA ZAINE SABOR BACON REFIL 1X300G UNIDADE,18
2022-12-01,FAROFA,FAROFA ZAINE SABOR COSTELA REFIL 15X300G,9
2022-12-01,FAROFA,FAROFA ZAINE SABOR COSTELA REFIL 1X300G UNIDADE,18
2022-12-01,GOIABADA,GOIABADA OLIVEIRA 36X300G,46656
2022-12-01,FAROFA,FAROFA ZAINE TRADICONAL REFIL 15X300G,9
2022-12-01,FAROFA,FAROFA ZAINE TRADICONAL 10X300G,3
2022-12-01,GOIABADA,GOIABADA DONA ZAINE 6 X 1KG,420
2022-12-01,GOIABADA,GOIABADA DIVINA MESA 24X300G,124488
2022-12-01,GOIABADA,GOIABADA ZAINE CREMOSA BAG 5KG,50
2022-12-01,GOIABADA,GOIABADA ZAINE FORNEAVEL 9X1.5 KG,837
2022-12-01,GOIABADA,GOIABADA CREMOSA FORNEAVEL ZAINE 1.01KG,101
2022-12-01,GOIABADA,GOIABADA ZAINE FORNEAVEL 7 KG,2240
2022-12-01,GOIABADA,GOIABADA DONA ZAINE 7 KGS LISA,1750
2022-12-01,GOIABADA,DOCE CREMOSO DE GOIABA FORNEAVEL BALDE 2X4.8KG ALLBREAD,1200
2022-12-01,GOIABADA,DOCE CREMOSO DE GOIABA FORNEAVEL BAG 10X2KG ALLBREAD,600
2022-12-01,FAROFA,FAROFA ZAINE TRADICONAL REFIL 1X300G UNIDADE,18
2023-01-01,MOLHO DE TOMATE,MOLHO DE TOMATE PIZZA ZAINE BISNAGA 1.6KGS,16
2023-01-01,MOLHO DE TOMATE,MOLHO DE TOMATE REFOGADO DIVINA MESA 36X300G,147204
2023-01-01,MOLHO DE TOMATE,MOLHO DE TOMATE DONA ZAINE PREMIUM 4X4.1KGS,164
2023-01-01,MOLHO DE TOMATE,MOLHO DE TOMATE ZAINE BAG 4.1KG,1353
2023-01-01,MOLHO DE TOMATE,MOLHO DE TOMATE ZAINE 36X300GR,270756
2023-01-01,MOLHO DE TOMATE,MOLHO DE TOMATE REFOGADO PREMIUM FRITZ & FRIDA 4X4.1KG,102336
2023-01-01,MOLHO DE TOMATE,MOLHO DE TOMATE PIZZA ZAINE BAG 4.1KGS,656
2023-01-01,MOLHO DE PIMENTA,MOLHO DE PIMENTA CASEIRO ZAINE 12X200G,96
2023-01-01,MOLHO DE PIMENTA,MOLHO DE PIMENTA TRADICIONAL ZAINE 1X200G UNIDADE,36
2023-01-01,MOLHO DE PIMENTA,MOLHO DE PIMENTA SUAVE ZAINE 1X200G UNIDADE,12
2023-01-01,MOLHO DE PIMENTA,MOLHO DE PIMENTA SUAVE ZAINE 12X200G,48
2023-01-01,MOLHO DE PIMENTA,MOLHO DE PIMENTA CASEIRO ZAINE 1X200G UNIDADE,6
2023-01-01,GOIABADA,GOIBADA CREMOSA FORNEAVEL ZAINE 1X1.010KG,101
2023-01-01,MOLHO DE TOMATE,MOLHO DE TOMATE TOP MAIS 36X300G,10368
2023-01-01,MOLHO DE PIMENTA,MOLHO DE PIMENTA ZAINE TRADICIONAL 12X200G,96
2023-01-01,MOLHO DE TOMATE,MOLHO DE TOMATE ZAINE 1X300GR,126
2023-01-01,SAL PARRILLA,SAL PARRILLA LEMON PEPPER ZAINE 1X400G UNIDADE,12
2023-01-01,OUTROS,MOLHO DE ALHO ZAINE 12X200G,24
2023-01-01,SAL PARRILLA,SAL PARRILLA ZAINE TRADICIONAL 6X400G,72
2023-01-01,SAL PARRILLA,SAL PARRILLA ZAINE TRADICIONAL 1X400G UNIDADE,12
2023-01-01,SAL PARRILLA,SAL PARRILLA LEMON PEPPER ZAINE 6X400G,96
2023-01-01,GOIABADA,GOIABADA ZAINE CREMOSA FORNO BAG 10X2KG,300
2023-01-01,SAL PARRILLA,SAL PARRILLA DEFUMADO ZAINE 6X400G,96
2023-01-01,SAL PARRILLA,SAL PARRILLA DEFUMADO ZAINE 1X400G UNIDADE,4
2023-01-01,OUTROS,MOLHO DE ALHO COM CHIMMICHURRI ZAINE 12X200G,24
2023-01-01,SAL PARRILLA,SAL PARRILLA COM CHIMMICHURRI ZAINE 6X350G,63
2023-01-01,SAL PARRILLA,SAL PARRILLA ALHO ZAINE 6X400G,96
2023-01-01,SAL PARRILLA,SAL PARRILLA ALHO ZAINE 1X400G UNIDADE,8
2023-01-01,OUTROS,MOLHO ROSE ZAINE 1X200G UNIDADE,2
2023-01-01,OUTROS,MOLHO ROSE ZAINE 12X200G,48
2023-01-01,OUTROS,MOLHO PARA SALADA SABOR LIMAO ZAINE 12X200G,24
2023-01-01,OUTROS,MOLHO DE ALHO ZAINE 1X200G UNIDADE,8
2023-01-01,SAL PARRILLA,SAL PARRILLA COM CHIMMICHURRI ZAINE 1X350G UNIDADE,105
2023-01-01,GOIABADA,GOIABADA ZAINE CREMOSA FORNEAVEL BALDE 2X4.8KG,288
2023-01-01,GOIABADA,GOIABADA ZAINE CREMOSA BAG 10X2KG,260
2023-01-01,GOIABADA,GOIABADA ZAINE 24X300G,19368
2023-01-01,FAROFA,FAROFA ZAINE SABOR BACON REFIL 15X300G,9
2023-01-01,FAROFA,FAROFA ZAINE SABOR BACON 10X300G,3
2023-01-01,FAROFA,FAROFA ZAINE PICANTE REFIL 1X300G UNIDADE,9
2023-01-01,FAROFA,FAROFA ZAINE PICANTE 10X300G,3
2023-01-01,FAROFA,FAROFA ZAINE ALHO FRITO REFIL 1X300G UNIDADE,27
2023-01-01,FAROFA,FAROFA ZAINE ALHO FRITO REFIL 15X300G,45
2023-01-01,FAROFA,FAROFA ZAINE SABOR BACON REFIL 1X300G UNIDADE,9
2023-01-01,FAROFA,FAROFA ZAINE ALHO FRITO 10X300G,3
2023-01-01,EXTRATO DE TOMATE,EXTRATO DE TOMATE PREMIUM FRITZ & FRIDA 4X4.1KG,51168
2023-01-01,EXTRATO DE TOMATE,EXTRATO DE TOMATE ZAINE PREMIUM 4.1KG,82
2023-01-01,CATCHUP,CATCHUP ZAINE PREMIUM PICANTE 16X360GR,576
2023-01-01,CATCHUP,CATCHUP ZAINE PREMIUM COM PIMENTA 1X360GR,216
2023-01-01,CATCHUP,CATCHUP ZAINE PREMIUM 1X360GR,216
2023-01-01,CATCHUP,CATCHUP ZAINE PREMIUM 16X360GR,1152
2023-01-01,EXTRATO DE TOMATE,EXTRATO DE TOMATE ZAINE 1X350G,21
2023-01-01,FAROFA,FAROFA ZAINE SABOR COSTELA 10X300G,6
2023-01-01,EXTRATO DE TOMATE,EXTRATO DE TOMATE ZAINE 24X350G,24948
2023-01-01,FAROFA,FAROFA ZAINE SABOR COSTELA REFIL 1X300G UNIDADE,9
2023-01-01,FAROFA,FAROFA ZAINE SABOR COSTELA REFIL 15X300G,45
2023-01-01,GOIABADA,GOIABADA ZAINE ZERO ADICÃO DE AÇUCAR 12X300G,36
2023-01-01,GOIABADA,GOIABADA PREMIUM CREMOSA ZAINE 16X400G,256
2023-01-01,GOIABADA,GOIABADA FRITZ E FRIDA 300G,3192
2023-01-01,GOIABADA,GOIABADA FORN ZAINE PREMIUM FATIADA 6.1KG,61
2023-01-01,GOIABADA,GOIABADA ZAINE CREMOSA BAG 5KG,125
2023-01-01,GOIABADA,GOIABADA ZAINE FORNEAVEL 9X1.5 KG,6615
2023-01-01,GOIABADA,GOIABADA OLIVEIRA 36X300G,15552
2023-01-01,GOIABADA,GOIABADA DONA ZAINE 7 KGS LISA,560
2023-01-01,GOIABADA,DOCE CREMOSO DE GOIABA FORNEAVEL BALDE 2X4.8KG ALLBREAD,7488
2023-01-01,GOIABADA,DOCE CREMOSO DE GOIABA FORNEAVEL BAG 10X2KG ALLBREAD,480
2023-01-01,FAROFA,FAROFA ZAINE TRADICONAL REFIL 1X300G UNIDADE,18
2023-01-01,FAROFA,FAROFA ZAINE TRADICONAL REFIL 15X300G,135
2023-01-01,GOIABADA,GOIABADA ZAINE FORNEAVEL 7 KG,2310
2023-01-01,FAROFA,FAROFA ZAINE TRADICONAL 10X300G,3
2023-02-01,MOLHO DE TOMATE,MOLHO DE TOMATE ZAINE 24X340GR,816
2023-02-01,MOLHO DE TOMATE,MOLHO DE TOMATE PIZZA ZAINE BISNAGA 1.6KGS,48
2023-02-01,MOLHO DE TOMATE,MOLHO DE TOMATE PIZZA ZAINE BAG 4.1KGS,205
2023-02-01,MOLHO DE PIMENTA,MOLHO DE PIMENTA ZAINE TRADICIONAL 12X200G,96
2023-02-01,MOLHO DE PIMENTA,MOLHO DE PIMENTA SUAVE ZAINE 12X200G,96
2023-02-01,GOIABADA,GOIABADADA BLOCO FORNEAVEL 7KG ALLBREAD,840
2023-02-01,GOIABADA,GOIABADA ZAINE CREMOSA TRAD. BALDE 2X4.8KG,5664
2023-02-01,GOIABADA,GOIABADA ZAINE CREMOSA FORNO BAG 10X2KG,660
2023-02-01,MOLHO DE TOMATE,MOLHO DE TOMATE ZAINE 36X300GR,165564
2023-02-01,GOIABADA,GOIABADA ZAINE CREMOSA FORNEAVEL BALDE 2X4.8KG,768
2023-02-01,MOLHO DE PIMENTA,MOLHO DE PIMENTA CASEIRO ZAINE 12X200G,72
2023-02-01,MOLHO DE TOMATE,MOLHO DE TOMATE ZAINE BAG 4.1KG,205
2023-02-01,SAL PARRILLA,SAL PARRILLA ALHO ZAINE 6X400G,144
2023-02-01,MOLHO DE TOMATE,MOLHO DE TOMATE IRANO 24X340G,13464
2023-02-01,MOLHO DE TOMATE,MOLHO DE TOMATE REFOGADO COOP 36X300G,25920
2023-02-01,MOLHO DE TOMATE,MOLHO DE TOMATE REFOGADO PREMIUM FRITZ & FRIDA 4X4.1KG,2624
2023-02-01,MOLHO DE TOMATE,MOLHO DE TOMATE REFOGADO PREMIUM FRITZ E FRIDA 36X280G,2799216
2023-02-01,OUTROS,MOLHO ROSE ZAINE 12X200G,48
2023-02-01,POLPA DE BATATA,POLPA DE BATATA ZAINE 0.5,18860
2023-02-01,SAL PARRILLA,SAL PARRILLA COM CHIMMICHURRI ZAINE 6X350G,147
2023-02-01,SAL PARRILLA,SAL PARRILLA DEFUMADO ZAINE 6X400G,12
2023-02-01,SAL PARRILLA,SAL PARRILLA LEMON PEPPER ZAINE 6X400G,168
2023-02-01,SAL PARRILLA,SAL PARRILLA ZAINE TRADICIONAL 6X400G,144
2023-02-01,GOIABADA,GOIABADA ZAINE 24X300G,33048
2023-02-01,MOLHO DE TOMATE,MOLHO DE TOMATE ZAINE STAND UP 6X2.0KG,72
2023-02-01,GOIABADA,GOIABADA PREMIUM CREMOSA ZAINE 16X400G,32
2023-02-01,MOLHO DE TOMATE,MOLHO DE TOMATE REFOGADO DIVINA MESA 36X300G,145152
2023-02-01,GOIABADA,GOIABADA IRANO 24X300G,9576
2023-02-01,GOIABADA,GOIABADA OLIVEIRA 36X300G,31104
2023-02-01,CATCHUP,CATCHUP ZAINE PREMIUM 16X360GR,576
2023-02-01,CATCHUP,CATCHUP ZAINE PREMIUM PICANTE 16X360GR,1152
2023-02-01,EXTRATO DE TOMATE,EXTRATO DE TOMATE ZAINE 24X350G,6384
2023-02-01,EXTRATO DE TOMATE,EXTRATO DE TOMATE DONA ZAINE 4.1KG,205
2023-02-01,EXTRATO DE TOMATE,EXTRATO DE TOMATE IRANO 24X350G,22512
2023-02-01,EXTRATO DE TOMATE,EXTRATO DE TOMATE PREMIUM FRITZ & FRIDA 4X4.1KG,3608
2023-02-01,FAROFA,FAROFA ZAINE ALHO FRITO 10X300G,3
2023-02-01,FAROFA,FAROFA ZAINE PICANTE 10X300G,3
2023-02-01,FAROFA,FAROFA ZAINE PICANTE REFIL 15X300G,135
2023-02-01,FAROFA,FAROFA ZAINE SABOR COSTELA 10X300G,3
2023-02-01,FAROFA,FAROFA ZAINE SABOR COSTELA REFIL 15X300G,45
2023-02-01,FAROFA,FAROFA ZAINE ALHO FRITO REFIL 15X300G,27
2023-02-01,FAROFA,FAROFA ZAINE TRADICONAL REFIL 15X300G,135
2023-02-01,GOIABADA,GOIABADA FORN ZAINE PREMIUM FATIADA 6.1KG,366
2023-02-01,FAROFA,FAROFA ZAINE TRADICONAL 10X300G,3
2023-02-01,GOIABADA,GOIABADA DONA ZAINE 12 X 700G,168
2023-02-01,GOIABADA,GOIABADA CREMOSA TRADICIONAL ZAINE 1.01KG,202
2023-02-01,GOIABADA,GOIABADA AMO 6X1.1KG,3696
2023-02-01,GOIABADA,GOIABADA AMO 12X300G,27216
2023-02-01,GOIABADA,GOIABADA DONA ZAINE 6 X 1KG,4902
2023-02-01,GOIABADA,GOIABADA ZAINE FORNEAVEL 7 KG,1890
2023-02-01,GOIABADA,GOIABADA DONA ZAINE 7 KGS LISA,5705
2023-02-01,GOIABADA,DOCE CREMOSO DE GOIABA FORNEAVEL BALDE 2X4.8KG ALLBREAD,8064
2023-02-01,GOIABADA,DOCE CREMOSO DE GOIABA FORNEAVEL BAG 10X2KG ALLBREAD,540
2023-02-01,GOIABADA,GOIABADA ZAINE FORNEAVEL 9X1.5 KG,12015
2023-03-01,MOLHO DE TOMATE,MOLHO DE TOMATE ZAINE 36X300GR,90288
2023-03-01,MOLHO DE TOMATE,MOLHO DE TOMATE ZAINE 24X340GR,3264
2023-03-01,MOLHO DE TOMATE,MOLHO DE TOMATE PIZZA ZAINE BISNAGA 1.6KGS,48
2023-03-01,MOLHO DE PIMENTA,MOLHO DE PIMENTA ZAINE TRADICIONAL 12X200G,24
2023-03-01,MOLHO DE PIMENTA,MOLHO DE PIMENTA SUAVE ZAINE 1X200G UNIDADE,12
2023-03-01,MOLHO DE PIMENTA,MOLHO DE PIMENTA CASEIRO ZAINE 12X200G,72
2023-03-01,GOIABADA,GOIBADA CREMOSA FORNEAVEL ZAINE 1X1.010KG,505
2023-03-01,GOIABADA,GOIABADADA BLOCO FORNEAVEL 7KG ALLBREAD,1260
2023-03-01,GOIABADA,GOIABADA ZAINE FORNEAVEL 1 X 1.5KG,165
2023-03-01,GOIABADA,GOIABADA ZAINE CREMOSA TRAD. BALDE 2X4.8KG,6912
2023-03-01,MOLHO DE TOMATE,MOLHO DE TOMATE ZAINE BAG 4.1KG,1353
2023-03-01,MOLHO DE PIMENTA,MOLHO DE PIMENTA CASEIRO ZAINE 1X200G UNIDADE,12
2023-03-01,MOLHO DE TOMATE,MOLHO DE TOMATE IRANO 24X340G,250512
2023-03-01,SAL PARRILLA,SAL PARRILLA LEMON PEPPER ZAINE 6X400G,24
2023-03-01,MOLHO DE TOMATE,MOLHO DE TOMATE REFOGADO PREMIUM FRITZ & FRIDA 4X4.1KG,21320
2023-03-01,MOLHO DE TOMATE,MOLHO DE TOMATE REFOGADO PREMIUM FRITZ E FRIDA 36X280G,280224
2023-03-01,MOLHO DE TOMATE,MOLHO DE TOMATE REFOGADO ZAINE BAG 10X 1.6 KG,480
2023-03-01,MOLHO DE TOMATE,MOLHO DE TOMATE TOP MAIS 36X300G,8640
2023-03-01,MOLHO DE TOMATE,MOLHO DE TOMATE ZAINE 1X300GR,18
2023-03-01,OUTROS,MOLHO ROSE ZAINE 12X200G,24
2023-03-01,SAL PARRILLA,SAL PARRILLA ALHO ZAINE 1X400G UNIDADE,24
2023-03-01,SAL PARRILLA,SAL PARRILLA ALHO ZAINE 6X400G,24
2023-03-01,SAL PARRILLA,SAL PARRILLA COM CHIMMICHURRI ZAINE 1X350G UNIDADE,7
2023-03-01,SAL PARRILLA,SAL PARRILLA COM CHIMMICHURRI ZAINE 6X350G,63
2023-03-01,SAL PARRILLA,SAL PARRILLA DEFUMADO ZAINE 1X400G UNIDADE,4
2023-03-01,GOIABADA,GOIABADA ZAINE CREMOSA FORNO BAG 10X2KG,100
2023-03-01,SAL PARRILLA,SAL PARRILLA ZAINE TRADICIONAL 6X400G,72
2023-03-01,MOLHO DE TOMATE,MOLHO DE TOMATE REFOGADO DIVINA MESA 36X300G,42876
2023-03-01,GOIABADA,GOIABADA ZAINE CREMOSA FORNEAVEL BALDE 2X4.8KG,576
2023-03-01,POLPA DE BATATA,POLPA DE BATATA ZAINE 0.5,8200
2023-03-01,GOIABADA,GOIABADA ZAINE 24X300G,15696
2023-03-01,EXTRATO DE TOMATE,EXTRATO DE TOMATE DOURADOS STAN UP 2KG,524
2023-03-01,EXTRATO DE TOMATE,EXTRATO DE TOMATE ZAINE 24X350G,53088
2023-03-01,GOIABADA,GOIABADA ZAINE CREMOSA BAG 10X2KG,740
2023-03-01,EXTRATO DE TOMATE,EXTRATO DE TOMATE IRANO 24X350G,34188
2023-03-01,EXTRATO DE TOMATE,EXTRATO DE TOMATE PREMIUM FRITZ & FRIDA 4X4.1KG,179088
2023-03-01,EXTRATO DE TOMATE,EXTRATO DE TOMATE ZAINE 1X350G,875
2023-03-01,FAROFA,FAROFA ZAINE ALHO FRITO REFIL 15X300G,45
2023-03-01,FAROFA,FAROFA ZAINE ALHO FRITO REFIL 1X300G UNIDADE,15
2023-03-01,FAROFA,FAROFA ZAINE PICANTE REFIL 15X300G,9
2023-03-01,FAROFA,FAROFA ZAINE SABOR BACON REFIL 1X300G UNIDADE,45
2023-03-01,FAROFA,FAROFA ZAINE SABOR COSTELA 10X300G,3
2023-03-01,FAROFA,FAROFA ZAINE TRADICONAL REFIL 1X300G UNIDADE,27
2023-03-01,GOIABADA,DOCE CREMOSO DE GOIABA FORNEAVEL BAG 10X2KG ALLBREAD,360
2023-03-01,EXTRATO DE TOMATE,EXTRATO DE TOMATE ZAINE PREMIUM 4.1KG,1804
2023-03-01,GOIABADA,GOIABADA DONA ZAINE 7 KGS LISA,7070
2023-03-01,GOIABADA,DOCE CREMOSO DE GOIABA FORNEAVEL BALDE 2X4.8KG ALLBREAD,11904
2023-03-01,GOIABADA,GOIABADA ZAINE ZERO ADICÃO DE AÇUCAR 12X300G,396
2023-03-01,GOIABADA,GOIABADA OLIVEIRA 36X300G,46656
2023-03-01,GOIABADA,GOIABADA IRANO 24X300G,288
2023-03-01,GOIABADA,GOIABADA FRITZ E FRIDA 300G,3198
2023-03-01,GOIABADA,GOIABADA DONA ZAINE 6 X 1KG,1158
2023-03-01,GOIABADA,GOIABADA PREMIUM CREMOSA ZAINE 16X400G,64
2023-03-01,GOIABADA,GOIABADA DIVINA MESA 24X300G,76608
2023-03-01,GOIABADA,GOIABADA CREMOSA TRADICIONAL ZAINE 1.01KG,808
2023-03-01,GOIABADA,GOIABADA CREMOSA FORNEAVEL ZAINE 1.01KG,101
2023-03-01,GOIABADA,GOIABADA ZAINE FORNEAVEL 9X1.5 KG,810
2023-03-01,GOIABADA,GOIABADA ZAINE FORNEAVEL 7 KG,2030
2023-03-01,GOIABADA,GOIABADA DONA ZAINE 12 X 700G,588
2023-04-01,MOLHO DE PIMENTA,MOLHO DE PIMENTA CASEIRO ZAINE 1X200G UNIDADE,12
2023-04-01,GOIABADA,GOIABADA OLIVEIRA 36X300G,46656
2023-04-01,GOIABADA,GOIABADA PREMIUM CREMOSA ZAINE 16X400G,256
2023-04-01,GOIABADA,GOIABADA ZAINE 24X300G,216
2023-04-01,GOIABADA,GOIABADA ZAINE CREMOSA BAG 10X2KG,1140
2023-04-01,GOIABADA,GOIABADA ZAINE CREMOSA FORNEAVEL BALDE 2X4.8KG,288
2023-04-01,GOIABADA,GOIABADA ZAINE CREMOSA FORNO BAG 10X2KG,1040
2023-04-01,GOIABADA,GOIABADA ZAINE CREMOSA TRAD. BALDE 2X4.8KG,16128
2023-04-01,GOIABADA,GOIABADADA BLOCO FORNEAVEL 7KG ALLBREAD,2170
2023-04-01,MOLHO DE PIMENTA,MOLHO DE PIMENTA SUAVE ZAINE 12X200G,24
2023-04-01,MOLHO DE TOMATE,MOLHO DE TOMATE REFOGADO PREMIUM FRITZ E FRIDA 36X280G,1035216
2023-04-01,MOLHO DE TOMATE,MOLHO DE TOMATE ZAINE 36X300GR,103572
2023-04-01,MOLHO DE TOMATE,MOLHO DE TOMATE ZAINE BAG 4.1KG,41
2023-04-01,MOLHO DE TOMATE,MOLHO DE TOMATE ZAINE STAND UP 6X2.0KG,36
2023-04-01,MOLHO DE TOMATE,MOLHO DE TOMATE ZAINE TRAD 36X300GR - SC,3456
2023-04-01,MOLHO DE TOMATE,MOLHO DE TOMATE IRANO 24X340G,164016
2023-04-01,MOLHO DE TOMATE,MOLHO DE TOMATE TOP MAIS 36X300G,8316
2023-04-01,SAL PARRILLA,SAL PARRILLA ALHO ZAINE 6X400G,96
2023-04-01,SAL PARRILLA,SAL PARRILLA DEFUMADO ZAINE 6X400G,48
2023-04-01,SAL PARRILLA,SAL PARRILLA LEMON PEPPER ZAINE 6X400G,48
2023-04-01,SAL PARRILLA,SAL PARRILLA ZAINE TRADICIONAL 6X400G,72
2023-04-01,MOLHO DE PIMENTA,MOLHO DE PIMENTA ZAINE TRADICIONAL 12X200G,24
2023-04-01,GOIABADA,GOIABADA IRANO 24X300G,8856
2023-04-01,GOIABADA,GOIABADA DONA ZAINE 6 X 1KG,1194
2023-04-01,GOIABADA,GOIABADA FORN ZAINE PREMIUM FATIADA 6.1KG,183
2023-04-01,GOIABADA,GOIABADA FRITZ E FRIDA 300G,7545
2023-04-01,EXTRATO DE TOMATE,EXTRATO DE TOMATE ZAINE 24X350G,168
2023-04-01,EXTRATO DE TOMATE,EXTRATO DE TOMATE ZAINE 24X350G - SC,210
2023-04-01,EXTRATO DE TOMATE,EXTRATO DE TOMATE ZAINE PREMIUM 4.1KG,861
2023-04-01,EXTRATO DE TOMATE,EXTRATO DE TOMATE DONA ZAINE 4.1KG,123
2023-04-01,EXTRATO DE TOMATE,EXTRATO DE TOMATE IRANO 24X350G,21504
2023-04-01,FAROFA,FAROFA ZAINE ALHO FRITO REFIL 1X300G UNIDADE,6
2023-04-01,FAROFA,FAROFA ZAINE PICANTE 10X300G,3
2023-04-01,FAROFA,FAROFA ZAINE SABOR BACON 10X300G,3
2023-04-01,FAROFA,FAROFA ZAINE SABOR BACON REFIL 1X300G UNIDADE,3
2023-04-01,FAROFA,FAROFA ZAINE ALHO FRITO 10X300G,3
2023-04-01,FAROFA,FAROFA ZAINE TRADICONAL REFIL 15X300G,45
2023-04-01,GOIABADA,DOCE CREMOSO DE GOIABA FORNEAVEL BAG 10X2KG ALLBREAD,1320
2023-04-01,GOIABADA,DOCE CREMOSO DE GOIABA FORNEAVEL BALDE 2X4.8KG ALLBREAD,2832
2023-04-01,GOIABADA,GOIABADA ZAINE FORNEAVEL 7 KG,1050
2023-04-01,GOIABADA,GOIABADA ZAINE FORNEAVEL 9X1.5 KG,1323
2023-04-01,GOIABADA,GOIABADA ZAINE CREMOSA BAG 5KG,40
2023-04-01,GOIABADA,GOIABADA CREMOSA FORNEAVEL ZAINE 1.01KG,303
2023-04-01,GOIABADA,GOIABADA CREMOSA TRADICIONAL ZAINE 1.01KG,303
2023-04-01,GOIABADA,GOIABADA DIVINA MESA 24X300G,124488
2023-04-01,FAROFA,FAROFA ZAINE TRADICONAL 10X300G,3
2023-04-01,GOIABADA,GOIABADA DONA ZAINE 12 X 700G,6384
2023-05-01,MOLHO DE TOMATE,MOLHO DE TOMATE ZAINE BAG 4.1KG,6806
2023-05-01,MOLHO DE TOMATE,MOLHO DE TOMATE ZAINE 36X300GR,56484
2023-05-01,MOLHO DE TOMATE,MOLHO DE TOMATE ZAINE 24X340GR,1632
2023-05-01,MOLHO DE TOMATE,MOLHO DE TOMATE PIZZA ZAINE BISNAGA 1.6KGS,832
2023-05-01,GOIABADA,GOIABADA ZAINE CREMOSA TRAD. BALDE 2X4.8KG,4608
2023-05-01,MOLHO DE PIMENTA,MOLHO DE PIMENTA ZAINE TRADICIONAL 12X200G,24
2023-05-01,GOIABADA,GOIABADADA BLOCO FORNEAVEL 7KG ALLBREAD,1680
2023-05-01,GOIABADA,GOIABADA ZAINE FORNEAVEL 1 X 1.5KG,9
2023-05-01,MOLHO DE TOMATE,MOLHO DE TOMATE IRANO 24X340G,21624
2023-05-01,MOLHO DE TOMATE,MOLHO DE TOMATE PIZZA ZAINE BAG 4.1KGS,615
2023-05-01,MOLHO DE TOMATE,MOLHO DE TOMATE REFOGADO COOP 36X300G,248832
2023-05-01,SAL PARRILLA,SAL PARRILLA ZAINE TRADICIONAL 1X400G UNIDADE,8
2023-05-01,MOLHO DE TOMATE,MOLHO DE TOMATE REFOGADO PREMIUM FRITZ & FRIDA 4X4.1KG,95448
2023-05-01,MOLHO DE TOMATE,MOLHO DE TOMATE REFOGADO PREMIUM FRITZ E FRIDA 36X280G,4497696
2023-05-01,MOLHO DE TOMATE,MOLHO DE TOMATE REFOGADO ZAINE BAG 10X 1.6 KG,832
2023-05-01,MOLHO DE TOMATE,MOLHO DE TOMATE TOP MAIS 36X300G,52812
2023-05-01,POLPA DE BATATA,POLPA DE BATATA ZAINE 0.5,5330
2023-05-01,SAL PARRILLA,SAL PARRILLA ALHO ZAINE 1X400G UNIDADE,8
2023-05-01,SAL PARRILLA,SAL PARRILLA ALHO ZAINE 6X400G,24
2023-05-01,SAL PARRILLA,SAL PARRILLA DEFUMADO ZAINE 1X400G UNIDADE,8
2023-05-01,SAL PARRILLA,SAL PARRILLA ZAINE TRADICIONAL 6X400G,24
2023-05-01,SAL PARRILLA,SAL PARRILLA LEMON PEPPER ZAINE 6X400G,24
2023-05-01,GOIABADA,GOIABADA ZAINE CREMOSA FORNO BAG 10X2KG,1560
2023-05-01,MOLHO DE TOMATE,MOLHO DE TOMATE REFOGADO DIVINA MESA 36X300G,145152
2023-05-01,GOIABADA,GOIABADA ZAINE CREMOSA FORNEAVEL BALDE 2X4.8KG,7296
2023-05-01,SAL PARRILLA,SAL PARRILLA DEFUMADO ZAINE 6X400G,24
2023-05-01,GOIABADA,GOIABADA ZAINE 24X300G,57672
2023-05-01,GOIABADA,GOIABADA ZAINE CREMOSA BAG 10X2KG,2000
2023-05-01,EXTRATO DE TOMATE,EXTRATO DE TOMATE ZAINE 24X350G,32508
2023-05-01,EXTRATO DE TOMATE,EXTRATO DE TOMATE IRANO 24X350G,19656
2023-05-01,FAROFA,FAROFA ZAINE ALHO FRITO 10X300G,3
2023-05-01,FAROFA,FAROFA ZAINE ALHO FRITO REFIL 15X300G,45
2023-05-01,FAROFA,FAROFA ZAINE PICANTE REFIL 15X300G,45
2023-05-01,FAROFA,FAROFA ZAINE SABOR BACON 10X300G,3
2023-05-01,FAROFA,FAROFA ZAINE SABOR BACON REFIL 15X300G,45
2023-05-01,FAROFA,FAROFA ZAINE SABOR COSTELA REFIL 15X300G,45
2023-05-01,FAROFA,FAROFA ZAINE TRADICONAL 10X300G,6
2023-05-01,GOIABADA,DOCE CREMOSO DE GOIABA FORNEAVEL BAG 10X2KG ALLBREAD,1600
2023-05-01,EXTRATO DE TOMATE,EXTRATO DE TOMATE PREMIUM FRITZ & FRIDA 4X4.1KG,97252
2023-05-01,GOIABADA,GOIABADA DONA ZAINE 7 KGS LISA,1330
2023-05-01,GOIABADA,DOCE CREMOSO DE GOIABA FORNEAVEL BALDE 2X4.8KG ALLBREAD,2496
2023-05-01,GOIABADA,GOIABADA TOP MAIS 24X300G,1440
2023-05-01,GOIABADA,GOIABADA PREMIUM CREMOSA ZAINE 1X400G,24
2023-05-01,GOIABADA,GOIABADA OLIVEIRA 36X300G,46656
2023-05-01,GOIABADA,GOIABADA FRITZ E FRIDA 300G,7248
2023-05-01,GOIABADA,GOIABADA PREMIUM CREMOSA ZAINE 16X400G,448
2023-05-01,GOIABADA,GOIABADA CREMOSA TRADICIONAL ZAINE 1.01KG,1616
2023-05-01,GOIABADA,GOIABADA CREMOSA FORNEAVEL ZAINE 1.01KG,23735
2023-05-01,GOIABADA,GOIABADA ZAINE FORNEAVEL 9X1.5 KG,14175
2023-05-01,GOIABADA,GOIABADA ZAINE FORNEAVEL 7 KG,5740
2023-05-01,GOIABADA,GOIABADA DONA ZAINE 6 X 1KG,438
2023-06-01,GOIABADA,GOIABADA ZAINE CREMOSA FORNEAVEL BALDE 2X4.8KG,1248
2023-06-01,MOLHO DE PIMENTA,MOLHO DE PIMENTA ZAINE TRADICIONAL 12X200G,24
2023-06-01,GOIABADA,GOIABADA ZAINE CREMOSA FORNO BAG 10X2KG,440
2023-06-01,GOIABADA,GOIABADA ZAINE CREMOSA TRAD. BALDE 2X4.8KG,7584
2023-06-01,GOIABADA,GOIABADADA BLOCO FORNEAVEL 7KG ALLBREAD,2590
2023-06-01,MOLHO DE PIMENTA,MOLHO DE PIMENTA SUAVE ZAINE 1X200G UNIDADE,4
2023-06-01,MOLHO DE PIMENTA,MOLHO DE PIMENTA TRADICIONAL ZAINE 1X200G UNIDADE,12
2023-06-01,MOLHO DE TOMATE,MOLHO DE TOMATE ZAINE 36X300GR,89964
2023-06-01,MOLHO DE TOMATE,MOLHO DE TOMATE TOP MAIS 36X300G,65448
2023-06-01,MOLHO DE TOMATE,MOLHO DE TOMATE IRANO 24X340G,202368
2023-06-01,MOLHO DE TOMATE,MOLHO DE TOMATE REFOGADO DIVINA MESA 36X300G,128412
2023-06-01,MOLHO DE TOMATE,MOLHO DE TOMATE REFOGADO PREMIUM FRITZ & FRIDA 4X4.1KG,207132
2023-06-01,MOLHO DE TOMATE,MOLHO DE TOMATE REFOGADO PREMIUM FRITZ E FRIDA 36X280G,1064448
2023-06-01,OUTROS,MOLHO ROSE ZAINE 1X200G UNIDADE,8
2023-06-01,SAL PARRILLA,SAL PARRILLA ZAINE TRADICIONAL 6X400G,24
2023-06-01,GOIABADA,GOIABADA ZAINE CREMOSA BAG 10X2KG,1880
2023-06-01,MOLHO DE TOMATE,MOLHO DE TOMATE ZAINE BAG 4.1KG,205
2023-06-01,GOIABADA,GOIABADA ZAINE 24X300G,2196
2023-06-01,GOIABADA,GOIABADA DONA ZAINE 6 X 1KG,3600
2023-06-01,GOIABADA,GOIABADA PETRY 24X300G,193896
2023-06-01,GOIABADA,GOIABADA PREMIUM CREMOSA ZAINE 16X400G,512
2023-06-01,CATCHUP,CATCHUP ZAINE PREMIUM 16X360GR,576
2023-06-01,EXTRATO DE TOMATE,EXTRATO DE TOMATE ZAINE 24X350G,126
2023-06-01,EXTRATO DE TOMATE,EXTRATO DE TOMATE IRANO 24X350G,38136
2023-06-01,EXTRATO DE TOMATE,EXTRATO DE TOMATE PREMIUM FRITZ & FRIDA 4X4.1KG,199916
2023-06-01,EXTRATO DE TOMATE,EXTRATO DE TOMATE ZAINE 48X140G,483168
2023-06-01,FAROFA,FAROFA ZAINE PICANTE REFIL 1X300G UNIDADE,27
2023-06-01,FAROFA,FAROFA ZAINE TRADICONAL REFIL 1X300G UNIDADE,9
2023-06-01,FAROFA,FAROFA ZAINE ALHO FRITO REFIL 1X300G UNIDADE,3
2023-06-01,GOIABADA,DOCE CREMOSO DE GOIABA FORNEAVEL BALDE 2X4.8KG ALLBREAD,46176
2023-06-01,GOIABADA,GOIABADA DONA ZAINE 7 KGS LISA,420
2023-06-01,GOIABADA,GOIABADA ZAINE FORNEAVEL 7 KG,455
2023-06-01,GOIABADA,GOIABADA ZAINE FORNEAVEL 9X1.5 KG,1674
2023-06-01,GOIABADA,GOIABADA ZAINE CREMOSA BAG 5KG,35
2023-06-01,GOIABADA,GOIABADA CREMOSA FORNEAVEL ZAINE 1.01KG,39592
2023-06-01,GOIABADA,GOIABADA OLIVEIRA 36X300G,62208
2023-06-01,GOIABADA,DOCE CREMOSO DE GOIABA FORNEAVEL BAG 10X2KG ALLBREAD,2620
2023-07-01,GOIABADA,GOIABADA ZAINE CREMOSA TRAD. BALDE 2X4.8KG,768
2023-07-01,GOIABADA,GOIABADA PREMIUM CREMOSA ZAINE 1X400G,88
2023-07-01,GOIABADA,GOIABADA ZAINE ZERO ADICÃO DE AÇUCAR 12X300G,54
2023-07-01,GOIABADA,GOIABADA ZAINE 24X300G,68256
2023-07-01,GOIABADA,GOIABADA ZAINE CREMOSA BAG 10X2KG,320
2023-07-01,GOIABADA,GOIABADA ZAINE CREMOSA FORNEAVEL BALDE 2X4.8KG,576
2023-07-01,GOIABADA,GOIABADA ZAINE CREMOSA FORNO BAG 10X2KG,1200
2023-07-01,GOIABADA,GOIABADA ZAINE FORNEAVEL 1 X 1.5KG,21
2023-07-01,POLPA DE BATATA,POLPA DE BATATA ZAINE 0.5,6765
2023-07-01,MOLHO DE PIMENTA,MOLHO DE PIMENTA CASEIRO ZAINE 12X200G,24
2023-07-01,MOLHO DE TOMATE,MOLHO DE TOMATE ZAINE 24X340GR,33456
2023-07-01,MOLHO DE TOMATE,MOLHO DE TOMATE ZAINE 36X300GR,63072
2023-07-01,MOLHO DE TOMATE,MOLHO DE TOMATE IRANO 24X340G,270912
2023-07-01,MOLHO DE TOMATE,MOLHO DE TOMATE REFOGADO COOP 36X300G,17820
2023-07-01,MOLHO DE TOMATE,MOLHO DE TOMATE REFOGADO DIVINA MESA 36X300G,104436
2023-07-01,MOLHO DE TOMATE,MOLHO DE TOMATE REFOGADO PREMIUM FRITZ E FRIDA 36X280G,764064
2023-07-01,GOIABADA,GOIABADA PREMIUM CREMOSA ZAINE 16X400G,64
2023-07-01,GOIABADA,GOIABADADA BLOCO FORNEAVEL 7KG ALLBREAD,1260
2023-07-01,GOIABADA,GOIABADA PETRY 24X300G,112176
2023-07-01,GOIABADA,GOIABADA TOP MAIS 24X300G,40248
2023-07-01,GOIABADA,GOIABADA OLIVEIRA 36X300G,25272
2023-07-01,EXTRATO DE TOMATE,EXTRATO DE TOMATE ZAINE BAG 10X 1.6 KG,1232
2023-07-01,EXTRATO DE TOMATE,EXTRATO DE TOMATE ZAINE 24X350G,4284
2023-07-01,EXTRATO DE TOMATE,EXTRATO DE TOMATE IRANO 24X350G,23688
2023-07-01,EXTRATO DE TOMATE,EXTRATO DE TOMATE ZAINE 48X140G,95424
2023-07-01,FAROFA,FAROFA ZAINE SABOR BACON REFIL 1X300G UNIDADE,18
2023-07-01,FAROFA,FAROFA ZAINE SABOR COSTELA REFIL 1X300G UNIDADE,18
2023-07-01,FAROFA,FAROFA ZAINE TRADICONAL REFIL 1X300G UNIDADE,18
2023-07-01,GOIABADA,DOCE CREMOSO DE GOIABA FORNEAVEL BAG 10X2KG ALLBREAD,1500
2023-07-01,GOIABADA,GOIABADA DONA ZAINE 7 KGS LISA,3570
2023-07-01,GOIABADA,GOIABADA PETRY 12 X 400G,20496
2023-07-01,GOIABADA,GOIABADA ZAINE FORNEAVEL 9X1.5 KG,16065
2023-07-01,GOIABADA,GOIABADA ZAINE CREMOSA BAG 5KG,205
2023-07-01,GOIABADA,GOIABADA CREMOSA FORNEAVEL ZAINE 1.01KG,13736
2023-07-01,GOIABADA,GOIABADA CREMOSA TRADICIONAL ZAINE 1.01KG,202
2023-07-01,GOIABADA,GOIABADA DIVINA MESA 24X300G,14364
2023-07-01,GOIABADA,GOIABADA DONA ZAINE 12 X 700G,6384
2023-07-01,GOIABADA,GOIABADA DONA ZAINE 6 X 1KG,894
2023-07-01,GOIABADA,GOIABADA FRITZ E FRIDA 300G,6057
2023-07-01,GOIABADA,GOIABADA ZAINE FORNEAVEL 7 KG,4284
2023-08-01,MOLHO DE PIMENTA,MOLHO DE PIMENTA TRADICIONAL ZAINE 1X200G UNIDADE,14
2023-08-01,MOLHO DE PIMENTA,MOLHO DE PIMENTA SUAVE ZAINE 12X200G,24
2023-08-01,MOLHO DE PIMENTA,MOLHO DE PIMENTA CASEIRO ZAINE 1X200G UNIDADE,12
2023-08-01,MOLHO DE PIMENTA,MOLHO DE PIMENTA CASEIRO ZAINE 12X200G,48
2023-08-01,GOIABADA,GOIABADA ZAINE CREMOSA FORNEAVEL BALDE 2X4.8KG,576
2023-08-01,GOIABADA,GOIABADA ZAINE CREMOSA TRAD. BALDE 2X4.8KG,288
2023-08-01,GOIABADA,GOIABADA ZAINE CREMOSA FORNO BAG 10X2KG,160
2023-08-01,MOLHO DE PIMENTA,MOLHO DE PIMENTA ZAINE TRADICIONAL 12X200G,24
2023-08-01,GOIABADA,GOIABADA ZAINE CREMOSA BAG 10X2KG,160
2023-08-01,GOIABADA,GOIABADADA BLOCO FORNEAVEL 7KG ALLBREAD,1400
2023-08-01,MOLHO DE TOMATE,MOLHO DE TOMATE PIZZA ZAINE BAG 4.1KGS,41
2023-08-01,MOLHO DE TOMATE,MOLHO DE TOMATE REFOGADO PREMIUM FRITZ & FRIDA 4X4.1KG,236324
2023-08-01,MOLHO DE TOMATE,MOLHO DE TOMATE ZAINE 36X300GR,152388
2023-08-01,MOLHO DE TOMATE,MOLHO DE TOMATE ZAINE BAG 4.1KG,15211
2023-08-01,MOLHO DE TOMATE,MOLHO DE TOMATE IRANO 24X340G,206448
2023-08-01,MOLHO DE TOMATE,MOLHO DE TOMATE REFOGADO PREMIUM FRITZ E FRIDA 36X280G,2722608
2023-08-01,MOLHO DE TOMATE,MOLHO DE TOMATE REFOGADO ZAINE BAG 10X 1.6 KG,1600
2023-08-01,POLPA DE BATATA,POLPA DE BATATA ZAINE 0.5,12441
2023-08-01,SAL PARRILLA,SAL PARRILLA ALHO ZAINE 6X400G,72
2023-08-01,GOIABADA,GOIABADA ZAINE 24X300G,70848
2023-08-01,SAL PARRILLA,SAL PARRILLA DEFUMADO ZAINE 6X400G,24
2023-08-01,SAL PARRILLA,SAL PARRILLA LEMON PEPPER ZAINE 6X400G,72
2023-08-01,SAL PARRILLA,SAL PARRILLA ZAINE TRADICIONAL 6X400G,72
2023-08-01,MOLHO DE TOMATE,MOLHO DE TOMATE ZAINE 24X340GR,22032
2023-08-01,SAL PARRILLA,SAL PARRILLA DEFUMADO ZAINE 1X400G UNIDADE,8
2023-08-01,GOIABADA,GOIABADA PREMIUM CREMOSA ZAINE 1X400G,52
2023-08-01,GOIABADA,GOIABADA PREMIUM CREMOSA ZAINE 16X400G,704
2023-08-01,CATCHUP,CATCHUP ZAINE PREMIUM 16X360GR,576
2023-08-01,EXTRATO DE TOMATE,EXTRATO DE TOMATE ZAINE BAG 10X 1.6 KG,2240
2023-08-01,GOIABADA,GOIABADA ZAINE ZERO ADICÃO DE AÇUCAR 12X300G,144
2023-08-01,EXTRATO DE TOMATE,EXTRATO DE TOMATE ZAINE PREMIUM 4.1KG,82
2023-08-01,EXTRATO DE TOMATE,EXTRATO DE TOMATE DONA ZAINE 4.1KG,3239
2023-08-01,EXTRATO DE TOMATE,EXTRATO DE TOMATE IRANO 24X350G,1512
2023-08-01,EXTRATO DE TOMATE,EXTRATO DE TOMATE PREMIUM FRITZ & FRIDA 4X4.1KG,145796
2023-08-01,EXTRATO DE TOMATE,EXTRATO DE TOMATE ZAINE 48X140G,387072
2023-08-01,FAROFA,FAROFA ZAINE ALHO FRITO REFIL 1X300G UNIDADE,18
2023-08-01,FAROFA,FAROFA ZAINE PICANTE 10X300G,3
2023-08-01,FAROFA,FAROFA ZAINE SABOR BACON REFIL 1X300G UNIDADE,15
2023-08-01,EXTRATO DE TOMATE,EXTRATO DE TOMATE ZAINE 24X350G,1176
2023-08-01,FAROFA,FAROFA ZAINE TRADICONAL 10X300G,3
2023-08-01,FAROFA,FAROFA ZAINE SABOR COSTELA REFIL 1X300G UNIDADE,21
2023-08-01,GOIABADA,GOIABADA OLIVEIRA 36X300G,77760
2023-08-01,GOIABADA,GOIABADA CREMOSA FORNEAVEL ZAINE 1.01KG,2323
2023-08-01,GOIABADA,GOIABADA ZAINE CREMOSA BAG 5KG,25
2023-08-01,GOIABADA,GOIABADA ZAINE FORNEAVEL 9X1.5 KG,18225
2023-08-01,GOIABADA,GOIABADA FRITZ E FRIDA 300G,4977
2023-08-01,GOIABADA,GOIABADA DONA ZAINE 7 KGS LISA,4060
2023-08-01,GOIABADA,DOCE CREMOSO DE GOIABA FORNEAVEL BALDE 2X4.8KG ALLBREAD,20544
2023-08-01,GOIABADA,DOCE CREMOSO DE GOIABA FORNEAVEL BAG 10X2KG ALLBREAD,1360
2023-08-01,FAROFA,FAROFA ZAINE TRADICONAL REFIL 1X300G UNIDADE,3
2023-08-01,GOIABADA,GOIABADA ZAINE FORNEAVEL 7 KG,3990
2023-09-01,MOLHO DE TOMATE,MOLHO DE TOMATE IRANO 24X340G,332928
2023-09-01,GOIABADA,GOIABADA ZAINE CREMOSA FORNEAVEL BALDE 2X4.8KG,288
2023-09-01,GOIABADA,GOIABADA ZAINE CREMOSA FORNO BAG 10X2KG,600
2023-09-01,GOIABADA,GOIABADA ZAINE CREMOSA TRAD. BALDE 2X4.8KG,288
2023-09-01,MOLHO DE PIMENTA,MOLHO DE PIMENTA SUAVE ZAINE 12X200G,24
2023-09-01,MOLHO DE TOMATE,MOLHO DE TOMATE ZAINE 36X300GR,182412
2023-09-01,MOLHO DE TOMATE,MOLHO DE TOMATE ZAINE BAG 4.1KG,4879
2023-09-01,SAL PARRILLA,SAL PARRILLA LEMON PEPPER ZAINE 6X400G,24
2023-09-01,MOLHO DE TOMATE,MOLHO DE TOMATE TOP MAIS 36X300G,16902
2023-09-01,MOLHO DE TOMATE,MOLHO DE TOMATE REFOGADO DIVINA MESA 36X300G,5184
2023-09-01,MOLHO DE TOMATE,MOLHO DE TOMATE REFOGADO ITALY 36X300G,356832
2023-09-01,MOLHO DE TOMATE,MOLHO DE TOMATE REFOGADO PREMIUM FRITZ E FRIDA 36X280G,2760912
2023-09-01,MOLHO DE TOMATE,MOLHO DE TOMATE REFOGADO ZAINE BAG 10X 1.6 KG,160
2023-09-01,POLPA DE BATATA,POLPA DE BATATA ZAINE 0.5,166825
2023-09-01,SAL PARRILLA,SAL PARRILLA ALHO ZAINE 6X400G,24
2023-09-01,SAL PARRILLA,SAL PARRILLA DEFUMADO ZAINE 6X400G,24
2023-09-01,GOIABADA,GOIABADA ZAINE 24X300G,37872
2023-09-01,MOLHO DE TOMATE,MOLHO DE TOMATE REFOGADO CANDIDO E BRITO 4X4.1KG,26896
2023-09-01,GOIABADA,GOIABADA ZAINE ZERO ADICÃO DE AÇUCAR 12X300G,144
2023-09-01,GOIABADA,GOIABADA ZAINE CREMOSA BAG 5KG,105
2023-09-01,GOIABADA,GOIABADA PETRY 12 X 400G,1920
2023-09-01,GOIABADA,GOIABADA PETRY 24X300G,268128
2023-09-01,EXTRATO DE TOMATE,EXTRATO DE TOMATE ZAINE BAG 10X 1.6 KG,1248
2023-09-01,EXTRATO DE TOMATE,EXTRATO DE TOMATE ZAINE 24X350G,19908
2023-09-01,EXTRATO DE TOMATE,EXTRATO DE TOMATE ZAINE PREMIUM 4.1KG,2255
2023-09-01,EXTRATO DE TOMATE,EXTRATO DE TOMATE ITALY 36X300G,166752
2023-09-01,EXTRATO DE TOMATE,EXTRATO DE TOMATE ZAINE 48X140G,380352
2023-09-01,FAROFA,FAROFA ZAINE ALHO FRITO REFIL 1X300G UNIDADE,18
2023-09-01,GOIABADA,GOIABADA DONA ZAINE 7 KGS LISA,70
2023-09-01,EXTRATO DE TOMATE,EXTRATO DE TOMATE IRANO 24X350G,36456
2023-09-01,GOIABADA,GOIABADA CREMOSA FORNEAVEL ZAINE 1.01KG,2828
2023-09-01,GOIABADA,GOIABADA DIVINA MESA 24X300G,75312
2023-09-01,GOIABADA,GOIABADA DONA ZAINE 12 X 700G,1596
2023-09-01,GOIABADA,GOIABADA DONA ZAINE 6 X 1KG,300
2023-09-01,GOIABADA,GOIABADA FORN ZAINE PREMIUM FATIADA 6.1KG,976
2023-09-01,GOIABADA,GOIABADA ITALY 24X300G,5796
2023-09-01,GOIABADA,GOIABADA OLIVEIRA 36X300G,46656
2023-09-01,GOIABADA,GOIABADA ZAINE FORNEAVEL 9X1.5 KG,972
2023-10-01,MOLHO DE PIMENTA,MOLHO DE PIMENTA SUAVE ZAINE 12X200G,24
2023-10-01,GOIABADA,GOIABADADA BLOCO FORNEAVEL 7KG ALLBREAD,2940
2023-10-01,GOIABADA,GOIABADA ZAINE CREMOSA TRAD. BALDE 2X4.8KG,240
2023-10-01,GOIABADA,GOIABADA ZAINE CREMOSA FORNO BAG 10X2KG,120
2023-10-01,GOIABADA,GOIABADA PREMIUM CREMOSA ZAINE 16X400G,448
2023-10-01,GOIABADA,GOIABADA ZAINE CREMOSA BAG 10X2KG,100
2023-10-01,GOIABADA,GOIABADA ZAINE 24X300G,144
2023-10-01,MOLHO DE TOMATE,MOLHO DE TOMATE PIZZA ZAINE BAG 4.1KGS,41
2023-10-01,GOIABADA,GOIABADA ZAINE CREMOSA FORNEAVEL BALDE 2X4.8KG,192
2023-10-01,MOLHO DE TOMATE,MOLHO DE TOMATE ZAINE 36X300GR,47088
2023-10-01,SAL PARRILLA,SAL PARRILLA DEFUMADO ZAINE 6X400G,72
2023-10-01,MOLHO DE TOMATE,MOLHO DE TOMATE PREMIUM CANDIDO E BRITO 4X4.1KG,164
2023-10-01,MOLHO DE TOMATE,MOLHO DE TOMATE REFOGADO CANDIDO E BRITO 4X4.1KG,14268
2023-10-01,MOLHO DE TOMATE,MOLHO DE TOMATE REFOGADO PREMIUM FRITZ & FRIDA 4X4.1KG,114308
2023-10-01,MOLHO DE TOMATE,MOLHO DE TOMATE TOP MAIS 36X300G,214164
2023-10-01,POLPA DE BATATA,POLPA DE BATATA ZAINE 0.5,6560
2023-10-01,SAL PARRILLA,SAL PARRILLA ALHO ZAINE 6X400G,72
2023-10-01,SAL PARRILLA,SAL PARRILLA COM CHIMMICHURRI ZAINE 6X350G,63
2023-10-01,GOIABADA,GOIABADA OLIVEIRA 36X300G,62208
2023-10-01,SAL PARRILLA,SAL PARRILLA LEMON PEPPER ZAINE 6X400G,72
2023-10-01,SAL PARRILLA,SAL PARRILLA ZAINE TRADICIONAL 6X400G,96
2023-10-01,MOLHO DE TOMATE,MOLHO DE TOMATE ZAINE BAG 4.1KG,5084
2023-10-01,GOIABADA,GOIABADA FRITZ E FRIDA 300G,6849
2023-10-01,GOIABADA,GOIABADA IRANO 24X300G,14544
2023-10-01,EXTRATO DE TOMATE,EXTRATO DE TOMATE ZAINE 24X350G,14784
2023-10-01,EXTRATO DE TOMATE,EXTRATO DE TOMATE ZAINE BAG 10X 1.6 KG,1792
2023-10-01,GOIABADA,GOIABADA DIVINA MESA 24X300G,134496
2023-10-01,EXTRATO DE TOMATE,EXTRATO DE TOMATE ZAINE PREMIUM 4.1KG,3321
2023-10-01,EXTRATO DE TOMATE,EXTRATO DE TOMATE DONA ZAINE 4.1KG,492
2023-10-01,EXTRATO DE TOMATE,EXTRATO DE TOMATE PREMIUM CANDIDO E BRITO 4X4.1KG,164
2023-10-01,EXTRATO DE TOMATE,EXTRATO DE TOMATE PREMIUM FRITZ & FRIDA 4X4.1KG,15908
2023-10-01,EXTRATO DE TOMATE,EXTRATO DE TOMATE ZAINE 48X140G,1016736
2023-10-01,FAROFA,FAROFA ZAINE PICANTE 10X300G,3
2023-10-01,FAROFA,FAROFA ZAINE PICANTE REFIL 1X300G UNIDADE,18
2023-10-01,FAROFA,FAROFA ZAINE SABOR BACON REFIL 1X300G UNIDADE,18
2023-10-01,FAROFA,FAROFA ZAINE ALHO FRITO 10X300G,6
2023-10-01,FAROFA,FAROFA ZAINE SABOR COSTELA REFIL 1X300G UNIDADE,18
2023-10-01,GOIABADA,GOIABADA CREMOSA TRADICIONAL ZAINE 1.01KG,101
2023-10-01,FAROFA,FAROFA ZAINE SABOR COSTELA 10X300G,3
2023-10-01,GOIABADA,GOIABADA ZAINE FORNEAVEL 9X1.5 KG,1107
2023-10-01,GOIABADA,GOIABADA ZAINE FORNEAVEL 7 KG,5572
2023-10-01,GOIABADA,GOIABADA DONA ZAINE 7 KGS LISA,3507
2023-10-01,GOIABADA,GOIABADA CREMOSA FORNEAVEL ZAINE 1.01KG,10201
2023-10-01,GOIABADA,DOCE CREMOSO DE GOIABA FORNEAVEL BAG 10X2KG ALLBREAD,1920
2023-10-01,FAROFA,FAROFA ZAINE TRADICONAL REFIL 1X300G UNIDADE,18
2023-10-01,FAROFA,FAROFA ZAINE TRADICONAL 10X300G,3
2023-10-01,GOIABADA,DOCE CREMOSO DE GOIABA FORNEAVEL BALDE 2X4.8KG ALLBREAD,2976
2023-11-01,SAL PARRILLA,SAL PARRILLA ZAINE TRADICIONAL 6X400G,48
2023-11-01,GOIABADA,GOIABADA ZAINE CREMOSA FORNO BAG 10X2KG,600
2023-11-01,GOIABADA,GOIABADA ZAINE CREMOSA TRAD. BALDE 2X4.8KG,6048
2023-11-01,GOIABADA,GOIABADADA BLOCO FORNEAVEL 7KG ALLBREAD,1540
2023-11-01,MOLHO DE TOMATE,MOLHO DE TOMATE ZAINE 36X300GR,143208
2023-11-01,MOLHO DE TOMATE,MOLHO DE TOMATE IRANO 24X340G,324768
2023-11-01,MOLHO DE TOMATE,MOLHO DE TOMATE PREMIUM CANDIDO E BRITO 4X4.1KG,328
2023-11-01,MOLHO DE TOMATE,MOLHO DE TOMATE REFOGADO CANDIDO E BRITO 4X4.1KG,17876
2023-11-01,MOLHO DE TOMATE,MOLHO DE TOMATE REFOGADO COOP 36X300G,258876
2023-11-01,GOIABADA,GOIABADA ZAINE CREMOSA BAG 10X2KG,240
2023-11-01,MOLHO DE TOMATE,MOLHO DE TOMATE REFOGADO ITALY 36X300G,165348
2023-11-01,MOLHO DE TOMATE,MOLHO DE TOMATE REFOGADO PREMIUM FRITZ & FRIDA 4X4.1KG,120704
2023-11-01,MOLHO DE TOMATE,MOLHO DE TOMATE REFOGADO PREMIUM FRITZ E FRIDA 36X280G,1379952
2023-11-01,POLPA DE BATATA,(M.O.) POLPA DE BATATA RB DE GARCA,13940
2023-11-01,POLPA DE BATATA,(P.A.) POLPA DE BATATA RB DE GARCA,13940
2023-11-01,POLPA DE BATATA,POLPA DE BATATA ZAINE 0.5,36900
2023-11-01,SAL PARRILLA,SAL PARRILLA ALHO ZAINE 6X400G,48
2023-11-01,SAL PARRILLA,SAL PARRILLA COM CHIMMICHURRI ZAINE 1X350G UNIDADE,14
2023-11-01,MOLHO DE TOMATE,MOLHO DE TOMATE REFOGADO DIVINA MESA 36X300G,27432
2023-11-01,GOIABADA,GOIABADA ZAINE 24X300G,35928
2023-11-01,GOIABADA,DOCE CREMOSO DE GOIABA FORNEAVEL BALDE 2X4.8KG ALLBREAD,1920
2023-11-01,GOIABADA,GOIABADA OLIVEIRA 36X300G,46656
2023-11-01,GOIABADA,GOIABADA PREMIUM CREMOSA ZAINE 16X400G,64
2023-11-01,EXTRATO DE TOMATE,EXTRATO DE TOMATE ZAINE BAG 10X 1.6 KG,2880
2023-11-01,EXTRATO DE TOMATE,EXTRATO DE TOMATE ZAINE 24X350G,26124
2023-11-01,EXTRATO DE TOMATE,EXTRATO DE TOMATE ZAINE PREMIUM 4.1KG,533
2023-11-01,EXTRATO DE TOMATE,EXTRATO DE TOMATE DONA ZAINE 4.1KG,1927
2023-11-01,EXTRATO DE TOMATE,EXTRATO DE TOMATE PREMIUM CANDIDO E BRITO 4X4.1KG,164
2023-11-01,EXTRATO DE TOMATE,EXTRATO DE TOMATE PREMIUM FRITZ & FRIDA 4X4.1KG,120704
2023-11-01,EXTRATO DE TOMATE,EXTRATO DE TOMATE ZAINE 48X140G,193536
2023-11-01,FAROFA,FAROFA ZAINE TRADICONAL 10X300G,3
2023-11-01,EXTRATO DE TOMATE,EXTRATO DE TOMATE ITALY 36X300G,124956
2023-11-01,GOIABADA,GOIABADA DONA ZAINE 7 KGS LISA,1540
2023-11-01,GOIABADA,GOIABADA ZAINE FORNEAVEL 9X1.5 KG,1269
2023-11-01,GOIABADA,GOIABADA ZAINE CREMOSA BAG 5KG,180
2023-11-01,GOIABADA,GOIABADA IRANO 24X300G,19872
2023-11-01,GOIABADA,GOIABADA CREMOSA FORNEAVEL ZAINE 1.01KG,34744
2023-11-01,GOIABADA,GOIABADA DONA ZAINE 12 X 700G,1176
2023-11-01,GOIABADA,GOIABADA DONA ZAINE 6 X 1KG,840
2023-11-01,GOIABADA,GOIABADA FRITZ E FRIDA 300G,5727
2023-11-01,GOIABADA,DOCE CREMOSO DE GOIABA FORNEAVEL BAG 10X2KG ALLBREAD,1500
2023-12-01,GOIABADA,GOIABADADA BLOCO FORNEAVEL 7KG ALLBREAD,1400
2023-12-01,GOIABADA,GOIABADA ZAINE CREMOSA TRAD. BALDE 2X4.8KG,192
2023-12-01,GOIABADA,GOIABADA ZAINE CREMOSA BAG 10X2KG,460
2023-12-01,GOIABADA,GOIABADA ITALY 24X300G,19152
2023-12-01,GOIABADA,GOIABADA PREMIUM CREMOSA ZAINE 16X400G,704
2023-12-01,GOIABADA,GOIABADA OLIVEIRA 36X300G,46656
2023-12-01,MOLHO DE TOMATE,MOLHO DE TOMATE PIZZA ZAINE BISNAGA 1.6KGS,16
2023-12-01,GOIABADA,GOIABADA ZAINE 24X300G,62352
2023-12-01,MOLHO DE TOMATE,MOLHO DE TOMATE ZAINE 24X340GR,10608
2023-12-01,SAL PARRILLA,SAL PARRILLA COM CHIMMICHURRI ZAINE 6X350G,63
2023-12-01,MOLHO DE TOMATE,MOLHO DE TOMATE ZAINE BAG 4.1KG,6314
2023-12-01,MOLHO DE TOMATE,MOLHO DE TOMATE REFOGADO CANDIDO E BRITO 4X4.1KG,18368
2023-12-01,MOLHO DE TOMATE,MOLHO DE TOMATE REFOGADO DIVINA MESA 36X300G,41472
2023-12-01,MOLHO DE TOMATE,MOLHO DE TOMATE REFOGADO ITALY 36X300G,218268
2023-12-01,MOLHO DE TOMATE,MOLHO DE TOMATE REFOGADO PREMIUM FRITZ E FRIDA 36X280G,193536
2023-12-01,MOLHO DE TOMATE,MOLHO DE TOMATE REFOGADO ZAINE BAG 10X 1.6 KG,16
2023-12-01,POLPA DE BATATA,POLPA DE BATATA ZAINE 0.5,11070
2023-12-01,SAL PARRILLA,SAL PARRILLA ALHO ZAINE 6X400G,72
2023-12-01,GOIABADA,GOIABADA FRITZ E FRIDA 300G,3192
2023-12-01,SAL PARRILLA,SAL PARRILLA DEFUMADO ZAINE 6X400G,72
2023-12-01,MOLHO DE TOMATE,MOLHO DE TOMATE ZAINE 36X300GR,452304
2023-12-01,GOIABADA,GOIABADA DONA ZAINE 6 X 1KG,618
2023-12-01,FAROFA,FAROFA ZAINE TRADICONAL 10X300G,12
2023-12-01,GOIABADA,GOIABADA DIVINA MESA 24X300G,86184
2023-12-01,SAL PARRILLA,SAL PARRILLA LEMON PEPPER ZAINE 6X400G,48
2023-12-01,CATCHUP,CATCHUP ZAINE PREMIUM 16X360GR,1152
2023-12-01,EXTRATO DE TOMATE,EXTRATO DE TOMATE ZAINE BAG 10X 1.6 KG,5424
2023-12-01,EXTRATO DE TOMATE,EXTRATO DE TOMATE ZAINE 24X350G,86856
2023-12-01,EXTRATO DE TOMATE,EXTRATO DE TOMATE DONA ZAINE 4.1KG,2788
2023-12-01,EXTRATO DE TOMATE,EXTRATO DE TOMATE IRANO 36X300G,32292
2023-12-01,EXTRATO DE TOMATE,EXTRATO DE TOMATE ITALY 36X300G,52704
2023-12-01,EXTRATO DE TOMATE,EXTRATO DE TOMATE ZAINE 48X140G,326592
2023-12-01,FAROFA,FAROFA ZAINE ALHO FRITO 10X300G,3
2023-12-01,GOIABADA,GOIABADA DONA ZAINE 12 X 700G,8148
2023-12-01,FAROFA,FAROFA ZAINE ALHO FRITO REFIL 15X300G,45
2023-12-01,FAROFA,FAROFA ZAINE SABOR BACON 10X300G,9
2023-12-01,FAROFA,FAROFA ZAINE SABOR COSTELA 10X300G,9
2023-12-01,FAROFA,FAROFA ZAINE TRADICONAL REFIL 15X300G,45
2023-12-01,GOIABADA,DOCE CREMOSO DE GOIABA FORNEAVEL BAG 10X2KG ALLBREAD,1800
2023-12-01,GOIABADA,DOCE CREMOSO DE GOIABA FORNEAVEL BALDE 2X4.8KG ALLBREAD,8352
2023-12-01,GOIABADA,GOIABADA DONA ZAINE 7 KGS LISA,3514
2023-12-01,GOIABADA,GOIABADA ZAINE FORNEAVEL 7 KG,7
2023-12-01,GOIABADA,GOIABADA ZAINE CREMOSA BAG 5KG,60
2023-12-01,GOIABADA,GOIABADA CREMOSA FORNEAVEL ZAINE 1.01KG,2525
2023-12-01,FAROFA,FAROFA ZAINE PICANTE 10X300G,3
2023-12-01,SAL PARRILLA,SAL PARRILLA ZAINE TRADICIONAL 6X400G,72
